ID,Name,Popularity,Country,Genre,Main Genre
06HL4z0CvFAxyc27GXpf02,Taylor Swift,100,US,pop,pop
3TVXtAsR1Inumwj472S9r4,Drake,98,CA,canadian hip hop,hip-hop
4q3ewBCX7sLwd24euuV69X,Bad Bunny,95,PR,reggaeton,latin music
1Xyo4u8uXC1ZmMpatF05PJ,The Weeknd,94,CA,canadian contemporary r&b,hip-hop
12GqGscKJx3aE4t07u7eVZ,Peso Pluma,93,MX,corridos tumbados,latin music
0Y5tJX1MQlPlqiwlOH1tJY,Travis Scott,92,US,hip hop,hip-hop
1McMsnEElThX1knmY4oliG,Olivia Rodrigo,91,US,pop,pop
790FomKkXshlbRYZFtlgla,KAROL G,91,CO,reggaeton,latin music
00FQb4jTyendYWaN8pK0wa,Lana Del Rey,90,US,art pop,pop
5K4W6rqBFWDnAN6FQUkS6x,Kanye West,90,US,chicago rap,hip-hop
2LRoIwlKmHjgvigdNGBHNo,Feid,90,CO,colombian pop,latin music
5pKCCKE2ajJHZ9KAiaK11H,Rihanna,89,US,barbadian pop,pop
7Gi6gjaWy3DxyilpF1a8Is,Junior H,89,MX,corrido,latin music
5cj0lLjcoR7YOSnhnX0Po5,Doja Cat,89,US,dance pop,pop
40ZNYROS4zLfyyBSs2PGe2,Zach Bryan,89,US,classic oklahoma country,country
1URnnhqYAYcrqrcwql10ft,21 Savage,89,US,atl hip hop,hip-hop
7dGJo4pcD2V6oG8kP0tJRR,Eminem,89,US,detroit hip hop,hip-hop
7tYKF4w9nC0nq9CsPZTHyP,SZA,89,US,pop,pop
6HaGTQPmzraVmaVxvz6EUc,Jung Kook,88,KR,k-pop,k-pop
6qqNVTkY8uBg9cP3Jd7DAH,Billie Eilish,88,US,art pop,pop
4oUHIQIBe0LHzYfvXNW4QM,Morgan Wallen,88,US,contemporary country,country
1mcTU81TzQhprhouKaTkpq,Rauw Alejandro,87,PR,puerto rican pop,latin music
7iK8PXO48WeuP03g8YR51W,Myke Towers,87,PR,reggaeton,latin music
2R21vXR83lH98kGeO99Y66,Anuel AA,87,PR,reggaeton,latin music
2YZyLoL8N0Wb9xBt1NhZWg,Kendrick Lamar,87,US,conscious hip hop,hip-hop
1i8SpTcr7yvPOmcqrbnVXY,Ozuna,86,PR,puerto rican pop,latin music
7Ln80lUS6He07XvHI8qqHH,Arctic Monkeys,86,GB,garage rock,rock
0EmeFodog0BfCgMzAIvKQp,Shakira,86,CO,colombian pop,latin music
53XhwfbYqKCa1cC15pYq2q,Imagine Dragons,86,US,modern rock,rock
0Q8NcsJwoCbZOHHW63su5S,Mora,86,PR,trap latino,latin music
6l3HvQ5sa6mXTsMTB19rO5,J. Cole,86,US,conscious hip hop,hip-hop
52iwsT98xCoGgiGntTiR7K,Quevedo,86,ES,rap canario,hip-hop
1Cs0zKBU1kc0i8ypK3B9ai,David Guetta,86,FR,big room,big room
5f7VJjfbwm532GiveGC0ZK,Lil Baby,86,US,atl hip hop,hip-hop
0ys2OFYzWYB5hRDLCsBqxt,Fuerza Regida,86,MX,corrido,latin music
0hCNtLu0JehylgoiP8L4Gh,Nicki Minaj,86,US,hip pop,pop
66ihevNkSYNzRAl44dx6jJ,Carin Leon,86,MX,corrido,latin music
6XkjpgcEsYab502Vr1bBeW,Grupo Frontera,86,MX,musica chihuahuense,musica chihuahuense
0elWFr7TW8piilVRYJUe4P,Natanael Cano,86,MX,corrido,latin music
6M2wZ9GZgrQXHCFfjv46we,Dua Lipa,86,GB,dance pop,pop
1vyhD5VmyZ7KMfW5gqLgo5,J Balvin,85,CO,reggaeton,latin music
4O15NlyKLIASxsJ0PrXPfz,Lil Uzi Vert,85,US,hip hop,hip-hop
55Aa2cqylxrFIXC767Z865,Lil Wayne,85,US,hip hop,hip-hop
2hlmm7s2ICUX0LVIhVFlZQ,Gunna,85,US,atl hip hop,hip-hop
6vWDO969PvNqNYHIOW5v0m,Beyoncé,85,US,pop,pop
699OTQXzgjhIYAHMy9RyPD,Playboi Carti,85,US,atl hip hop,hip-hop
1r4hJ1h58CWwUQe3MxPuau,Maluma,85,CO,latin pop,latin music
716NhGYqD1jl2wI1Qkgq36,Bizarrap,85,AR,argentine hip hop,latin music
7CajNmpbOovFoOoasH2HaY,Calvin Harris,85,GB,dance pop,pop
6KImCVD70vtIoJWnq6nGn3,Harry Styles,85,GB,pop,pop
4V8LLVI7PbaPR0K2TGSxFF,"Tyler, The Creator",84,US,hip hop,hip-hop
3MdXrJWsbVzdn6fe5JYkSQ,Latto,84,US,trap queen,hip-hop
2wY79sveU1sp5g7SokKOiI,Sam Smith,84,GB,pop,pop
6nVcHLIgY5pE2YCl8ubca1,Jhayco,84,PR,reggaeton,latin music
1U1el3k54VvEUzo3ybLPlM,Kali Uchis,83,US,colombian pop,latin music
1HY2Jd0NmPuamShAr6KMms,Lady Gaga,83,US,art pop,pop
77SW9BnxLY8rJ0RciFqkHh,The Neighbourhood,83,US,modern alternative rock,rock
2h93pZq0e7k5yf4dywlkpM,Frank Ocean,83,US,lgbtq+ hip hop,hip-hop
2RQXRUsr4IW1f3mKyKsy4B,Noah Kahan,83,US,pov: indie,indie
1bAftSH8umNcGZ0uyV7LMg,Duki,83,AR,argentine hip hop,latin music
0tmwSHipWxN12fsoLcFU3B,Manuel Turizo,83,CO,colombian pop,latin music
5XJDexmWFLWOkjOEjOVX3e,Eladio Carrion,83,PR,trap boricua,hip-hop
4SsVbpTthjScTS7U2hmr1X,Arcángel,82,PR,latin hip hop,latin music
3nFkdlSjzX9mRTtwJOzDYB,JAY-Z,82,US,east coast hip hop,hip-hop
1DxLCyH42yaHKGK3cl5bvG,Maria Becerra,82,AR,pop argentino,latin music
0tmwSHipWxN12fsoLcFU3B,Manuel Turizo,82,CO,colombian pop,latin music
3qsKSpcV3ncke3hw52JSMB,Young Miko,82,PR,trap latino,latin music
64KEffDW9EtZ1y2vBYgq8T,Marshmello,82,US,brostep,edm
3qiHUAX7zY4Qnjx8TNUzVx,Yeat,82,US,pluggnb,pluggnb
19HM5j0ULGSmEoRcrSe5x3,Milo j,82,AR,trap argentino,latin music
5Pwc4xIPtQLFEnJriah9YJ,OneRepublic,82,US,piano rock,rock
6Sbl0NT50roqWvy746MfVf,Gabito Ballesteros,82,MX,corrido,latin music
2uYWxilOVlUdk4oV9DvwqK,Mitski,82,US,brooklyn indie,indie
45dkTj5sMRSjrmBSBeiHym,Tate McRae,82,CA,alt z,alt z
2LIk90788K0zvyj2JJVwkJ,Jack Harlow,82,US,deep underground hip hop,hip-hop
2o5jDhtHVPhrJdv3cEQ99Z,Tiësto,82,NL,big room,big room
3hcs9uc56yIGFCSy9leWe7,Lil Durk,82,US,chicago drill,hip-hop
5lwmRuXgjX8xIwlnauTZIP,Romeo Santos,81,US,bachata,latin music
6VuMaDnrHyPL1p4EHjYLi7,Charlie Puth,81,US,pop,pop
6Ip8FS7vWT1uKkJSweANQK,Dave,81,US,uk hip hop,hip-hop
5H4yInM5zmHqpKIoMNAx4r,Central Cee,81,GB,melodic drill,hip-hop
7n2wHs1TKAczGzO7Dd2rGr,Shawn Mendes,81,CA,canadian pop,pop
4Ga1P7PMIsmqEZqhYZQgDo,Lil Tecca,81,US,melodic rap,hip-hop
4Gso3d4CscCijv0lmajZWs,Don Toliver,81,US,pop rap,hip-hop
1dKdetem2xEmjgvyymzytS,Grupo Firme,81,MX,musica mexicana,latin music
13ubrt8QOOCPljQ2FL1Kca,A$AP Rocky,81,US,east coast hip hop,hip-hop
7ltDVBr6mKbRvohxheJ9h1,ROSALÍA,81,ES,latin viral pop,latin music
3wcj11K77LjEY1PkEazffa,Burna Boy,81,NG,afrobeats,edm
3PhoLpVuITZKcymswpck5b,Elton John,81,GB,glam rock,rock
33ScadVnbm2X8kkUqOkC6Z,Don Omar,81,PR,latin hip hop,latin music
08GQAI4eElDnROBrJRGE0X,Fleetwood Mac,81,GB,album rock,rock
07YUOmWljBTXwIseAUd9TW,Sebastian Yatra,80,CO,colombian pop,latin music
0XeEobZplHxzM9QzFQWLiR,Eslabon Armado,80,US,corrido,latin music
31W5EY0aAly4Qieq6OFu6I,A Boogie Wit da Hoodie,80,US,melodic rap,hip-hop
12vb80Km0Ew53ABfJOepVz,Ñengo Flow,80,PR,reggaeton,latin music
06Q5VlSAku57lFzyME3HrM,Ke Personajes,80,AR,cumbia pop,latin music
20wkVLutqVOYrc0kxFs7rA,Daniel Caesar,80,CA,trap italiana,hip-hop
0pePYDrJGk8gqMRbXrLJC8,Luis R Conriquez,80,MX,corrido,latin music
2O8vbr4RYPpk6MRA4fio7u,Saiko,80,CL,urbano espanol,latin music
7j6DKwmjbxvpQO8h914uEz,Ryan Castro,80,CO,reggaeton,latin music
0GM7qgcRCORpGnfcN2tCiB,Tainy,80,PR,pop reggaeton,latin music
6Xgp2XMz1fhVYe7i6yNAax,Trippie Redd,80,US,melodic rap,hip-hop
77ziqFxp5gaInVrF2lj4ht,Sech,79,PA,panamanian pop,pop
4obzFoKoKRHIphyHzJ35G3,Becky G,79,US,latin pop,latin music
37230BxxYs9ksS7OkZw3IU,Chencho Corleone,79,PR,reggaeton,latin music
5LHRHt1k9lMyONurDHEdrp,Tyga,79,US,hip hop,hip-hop
5KKpBU5eC2tJDzf0wmlRp2,RAYE,79,GB,uk contemporary r&b,hip-hop
4nDoRrQiYLoBzwC5BhVJzF,Camila Cabello,79,US,dance pop,pop
4r63FhuTkUYltbVAg5TQnk,DaBaby,79,US,hip hop,hip-hop
5Y3MV9DZ0d87NnVm56qSY1,Tiago PZK,79,AR,trap argentino,latin music
2UZIAOlrnyZmyzt1nuXr9y,Nicki Nicole,79,AR,argentine hip hop,latin music
4DdkRBBYG6Yk9Ka8tdJ9BW,Offset,79,US,atl hip hop,hip-hop
64M6ah0SkkRsnPGtGiRAbb,Bebe Rexha,79,US,dance pop,pop
6tbjWDEIzxoDsBA1FuhfPW,Madonna,79,US,dance pop,pop
0XwVARXT135rw8lyw1EeWP,Christian Nodal,79,MX,mariachi,latin music
1SupJlEpv7RS2tPNRaHViT,Nicky Jam,79,PR,latin hip hop,latin music
1ZwdS5xdxEREPySFridCfh,2Pac,79,US,g funk,blues/jazz
1gW6pz5n1aK249L0GvfQCC,Grupo Marca Registrada,79,MX,corrido,latin music
0AqlFI0tz2DsEoJlKSIiT9,Emilia,78,SE,pop argentino,latin music
07YZf4WDAMNwqr4jfgOZ8y,Jason Derulo,78,US,dance pop,pop
2feDdbD5araYcm6JhFHHw7,Labrinth,78,GB,indie poptimism,indie
0eHQ9o50hj6ZDNBt6Ys1sD,Yandel,78,PR,latin hip hop,latin music
6Te49r3A6f5BiIgBRxH7FH,Ninho,78,FR,french hip hop,hip-hop
23TFHmajVfBtlRx5MXqgoz,Sfera Ebbasta,78,IT,italian hip hop,hip-hop
4npEfmQ6YuiwW1GpUmaq3F,Ava Max,78,US,pop,pop
1wZtkThiXbVNtj6hee6dz9,Wisin & Yandel,78,PR,electro latino,latin music
6w9ToX5slZ4uIdmD17hJ3c,Bryant Myers,78,PR,reggaeton,latin music
6icQOAFXDZKsumw3YXyusw,Lil Yachty,78,US,atl hip hop,hip-hop
57LYzLEk2LcFghVwuWbcuS,Summer Walker,78,US,r&b,hip-hop
360IAlyVv4PCEVjgyMZrxK,Miguel,78,US,r&b,hip-hop
7c0XG5cIJTrrAgEC3ULPiq,Ty Dolla $ign,78,US,hip hop,hip-hop
5VadK1havLhK1OpKYsXv9y,D-Block Europe,78,GB,melodic drill,hip-hop
2oQX8QiMXOyuqbcZEFsZfm,El Alfa,77,DO,dembow,latin music
7vXDAI8JwjW531ouMGbfcp,TINI,77,AR,latin pop,latin music
14zUHaJZo1mnYtn6IBRaRP,Justin Quiles,77,PR,reggaeton,latin music
6EPlBSH2RSiettczlz7ihV,Sleepy Hallow,77,US,brooklyn drill,hip-hop
1Ffb6ejR6Fe5IamqA5oRUF,Bring Me The Horizon,77,GB,melodic metalcore,rock
2rmkQLzj0k4nZdQehOUByO,Chino Pacas,77,MX,corrido,latin music
1gJdf4Yybu4X5A2xYV3NMV,Eden Muñoz,77,MX,corrido,latin music
7okwEbXzyT2VffBmyQBWLz,Maná,77,MX,latin arena pop,latin music
4PULA4EFzYTrxYvOVlwpiQ,Sidhu Moose Wala,77,IN,desi hip hop,hip-hop
33NVpKoXjItPwUJTMZIOiY,David Kushner,77,US,gen z singer-songwriter,gen z singer-songwriter
7uMDnSZyUYNBPLhPMNuaM2,Kenya Grace,77,GB,singer-songwriter pop,pop
164Uj4eKjl6zTBKfJLFKKK,JVKE,77,US,modern indie pop,indie
13ZEDW6vyBF12HYcZRr4EV,Tyler Childers,77,US,kentucky indie,indie
3t5xRXzsuZmMDkQzgOX35S,Robin Schulz,77,DE,deep euro house,edm
3WGpXCj9YhhfX11TToZcXP,Troye Sivan,77,AU,australian pop,pop
2RdwBSPQiwcmiDo9kixcl8,Pharrell Williams,77,US,dance pop,pop
5SXuuuRpukkTvsLuUknva1,Baby Keem,77,US,hip hop,hip-hop
28gNT5KBp7IjEOQoevXf9N,Camilo,77,CO,colombian pop,latin music
5fMUXHkw8R8eOP2RNVYEZX,Diplo,77,US,dance pop,pop
4az97MtWmBQ5Db3GfDh9j9,Morad,77,FR,drill espanol,hip-hop
2C6i0I5RiGzDKN9IAF8reh,Banda MS de Sergio Lizárraga,77,MX,banda,latin music
4tm8CEdm4pkQsEh4jIr9Yp,Santa Fe Klan,76,MX,mexican hip hop,hip-hop
70kkdajctXSbqSMJbQO424,Kacey Musgraves,76,US,classic texas country,country
181bsRPaVXVlUKXrxwZfHK,Megan Thee Stallion,76,US,houston rap,hip-hop
4oLeXFyACqeem2VImYeBFe,Fred again..,76,GB,edm,edm
7qG3b048QCHVRO5Pv1T5lw,Enrique Iglesias,76,ES,dance pop,pop
0C0XlULifJtAgn6ZNCW2eu,The Killers,76,US,alternative rock,rock
5he5w2lnU9x7JFhnwcekXX,Skrillex,76,US,brostep,edm
1l7ZsJRRS8wlW3WfJfPfNS,Christina Aguilera,76,US,dance pop,pop
1sBkRIssrMs1AbVkOJbc7a,Rick Ross,76,FR,dirty south rap,hip-hop
13y7CgLHjMVRMDqxdx0Xdo,Gucci Mane,76,US,atl hip hop,hip-hop
1qto4hHid1P71emI6Fd8xi,Aventura,76,US,bachata,latin music
1pQWsZQehhS4wavwh7Fnxd,Lenny Tavárez,76,PR,reggaeton,latin music
2OhUNb01gLwygOizYvTm0e,Big One,76,AR,trap argentino,latin music
0ZCO8oVkMj897cKgFH7fRW,Los Ángeles Azules,76,MX,gruperas inmortales,latin music
1vqR17Iv8VFdzure1TAXEq,LIT killah,76,AR,argentine hip hop,latin music
6oMuImdp5ZcFhWP0ESe6mG,Migos,76,US,atl hip hop,hip-hop
5gqmbbfjcikQBzPB5Hv13I,Gazo,76,FR,drill francais,hip-hop
2cPqdH7XMvwaBJEVjheH8g,Jay Wheeler,76,PR,reggaeton,latin music
7jVv8c5Fj3E9VhNjxT4snq,Lil Nas X,76,US,lgbtq+ hip hop,hip-hop
0vR2qb8m9WHeZ5ByCbimq2,Reik,76,MX,latin arena pop,latin music
2txHhyCwHjUEpJjWrEyqyX,Tom Odell,76,GB,chill pop,pop
35oGZihZclGoTVuICPXRP9,Jere Klein,75,CL,reggaeton chileno,latin music
3EiLUeyEcA6fbRPSHkG5kb,De La Ghetto,75,PR,reggaeton,latin music
5H1nN1SzW0qNeUEZvuXjAj,Danny Ocean,75,US,pop venezolano,pop
3CDoRporvSjdzTrm99a3gi,LUDMILLA,75,BR,funk carioca,blues/jazz
3Apb2lGmGJaBmr0TTBJvIZ,Rusherking,75,AR,trap argentino,latin music
0QHgL1lAIqAw0HtD7YldmP,DJ Khaled,75,US,hip hop,hip-hop
6dLuQ5qXxIuWc5urxfIiZR,Calle 24,75,MX,corrido,latin music
27LlKWxS3KXW7RRAxN5S8s,Geolier,75,IT,italian hip hop,hip-hop
2YRyPiW98bpkARAS4B3OQP,Dei V,75,PR,trap latino,latin music
3tJoFztHeIJkJWMrx0td2f,Moneybagg Yo,75,US,memphis hip hop,hip-hop
2hejA1Dkf8v8R0koF44FvW,Gera MX,75,MX,mexican hip hop,hip-hop
3vUMXQ9kPnZAQkMkZZ7Hfh,Tiakola,75,FR,french hip hop,hip-hop
0dUyjgCyjfj5eMx6bX2TWf,FMK,75,AR,trap argentino,latin music
4F4pp8NUW08JuXwnoxglpN,Bad Gyal,75,ES,neoperreo,latin music
6PH3FLQAxtqYy46Zv08bpV,Ivan Cornejo,75,MX,sad sierreno,sad sierreno
21451j1KhjAiaYKflxBjr1,Zion & Lennox,75,PR,reggaeton,latin music
4bw2Am3p9ji3mYsXNXtQcd,Piso 21,75,CO,colombian pop,latin music
5TP8Ubo4jLKEi4Mw2O8fAk,BM,75,AR,previa,latin music
3l9G1G9MxH6DaRhwLklaf5,Oscar Maydon,75,MX,corrido,latin music
0jdNdfi4vAuVi7a6cPDFBM,Lazza,75,IT,italian hip hop,hip-hop
1TtXnWcUs0FCkaZDPGYHdf,Darell,75,PR,latin hip hop,latin music
7eLcDZDYHXZCebtQmVFL25,Aitana,75,ES,latin talent show,latin music
35l9BRT7MXmM8bv2WDQiyB,beabadoobee,75,GB,bedroom pop,pop
1GKIlPFdcewHtpDVCQ8zmJ,Brray,75,PR,reggaeton,latin music
1Yj5Xey7kTwvZla8sqdsdE,Cris Mj,75,CL,mambo chileno,latin music
7gJN8W0589FisSYJS17K54,Filipe Ret,74,BR,pop rap brasileiro,hip-hop
2DlGxzQSjYe5N6G9nkYghR,Jennifer Lopez,74,US,dance pop,pop
7a0XAaPaK2aDSqa8p3QnC7,Beéle,74,CO,reggaeton colombiano,latin music
5AZuEF0feCXMkUCwQiQlW7,Marracash,74,IT,italian hip hop,hip-hop
76Pl0epAMXVXJspaSuz8im,Freeze corleone,74,FR,drill francais,hip-hop
2x7PC78TmgqpEIjaGAZ0Oz,Trueno,74,AR,argentine hip hop,latin music
3RtNN1VnooWEn3KQk03DUL,Noriel,74,PR,reggaeton,latin music
7F2utINZ6tSokSiZTQBE27,Guè,74,IT,italian hip hop,hip-hop
5y2Xq6xcjJb2jVM54GHK3t,John Legend,74,US,neo soul,blues/jazz
10exVja0key0uqUkk6LJRT,Vance Joy,74,AU,folk-pop,k-pop
2K5nCggbhSZ00YCYP5qkZS,Shiva,74,JP,italian hip hop,hip-hop
5IH6FPUwQTxPSXurCrcIov,Alec Benjamin,74,US,alt z,alt z
4EPJlUEBy49EX1wuFOvtjK,Becky Hill,74,GB,pop dance,pop
3YBJLs7RqR0aPGBgU27nDh,Werenoi,74,FR,french hip hop,hip-hop
2p4aN0Uxkk3iT3HK0cJ2cJ,Tokischa,74,DO,rap latina,latin music
2qWK8K2Jfh67UqtwY8tCW6,YSY A,74,AR,argentine hip hop,latin music
00XhexlJEXQstHimpZN910,Brytiago,74,PR,reggaeton,latin music
6AMd49uBDJfhf30Ak2QR5s,Coi Leray,74,US,new jersey underground rap,hip-hop
0y59o4v8uw5crbN9M3JiL1,Badshah,74,IN,desi hip hop,hip-hop
3Xt3RrJMFv5SZkCfUE8C1J,Kim Petras,74,US,alt z,alt z
3vQ0GE3mI0dAaxIMYe5g7z,Paulo Londra,74,AR,argentine hip hop,latin music
02kJSzxNuaWGqwubyUba0Z,G-Eazy,74,US,indie pop rap,hip-hop
1NNRWkhwmcXRimFYSBpB1y,Yng Lvcas,74,MX,reggaeton,latin music
1CoZyIx7UvdxT5c8UkMzHd,Jorja Smith,74,GB,r&b,hip-hop
2MRBDr0crHWE5JwPceFncq,Juan Gabriel,74,MX,cancion melodica,cancion melodica
0T8Ix53aIN4F7aEKj4EnKy,Jasiel Nuñez,74,MX,corrido tumbafo,latin music
59wfkuBoNyhDMQGCljbUbA,Diddy,74,US,dance pop,pop
6Q192DXotxtaysaqNPy5yR,Amy Winehouse,74,GB,british soul,blues/jazz
0Dvx6p8JDyzeOPGmaCIH1L,RAF Camora,74,AT,german hip hop,hip-hop
5wCmhq5J2hPwL2r0eKurxn,cassö,74,GB,edm,edm
1HPW4jeRjXBFRoUnSvBzoD,Destroy Lonely,74,US,rage rap,hip-hop
3QSQFmccmX81fWCUSPTS7y,Dean Lewis,74,AU,australian pop,pop
2qxJFvFYMEDqd7ui6kSAcq,Zedd,73,DE,complextro,complextro
3DbwFQlvLxRSi2uX8mf81A,Sexyy Red,73,US,trap queen,hip-hop
1TA5sGRlKUJXBN4ZyJuDIX,Blessd,73,CO,reggaeton,latin music
2mLA48B366zkELXYx7hcDN,Peggy Gou,73,DE,electra,edm
2UwqpfQtNuhBwviIC0f2ie,Damso,73,BE,belgian hip hop,hip-hop
4m6ubhNsdwF4psNf3R8kwR,KHEA,73,AR,argentine hip hop,latin music
4V8Sr092TqfHkfAA5fXXqG,Luis Fonsi,73,PR,latin pop,latin music
0jbo7KFNMiIkfBR6ih0yhm,iñigo quintero,73,ES,spanish pop,pop
0KPX4Ucy9dk82uj4GpKesn,Dalex,73,PR,r&b en espanol,hip-hop
6YVMFz59CuY7ngCxTxjpxE,aespa,73,KR,k-pop girl group,k-pop
3BmGtnKgCSGYIUhmivXKWX,Kelly Clarkson,73,US,dance pop,pop
4QFG9KrGWEbr6hNA58CAqE,Alemán,73,MX,mexican hip hop,hip-hop
3hv9jJF3adDNsBSIQDqcjp,Mark Ronson,73,GB,pop soul,blues/jazz
69UypehHabb68utzfjAVlV,Kany García,73,PR,latin pop,latin music
5QNm7E7RU2m64l6Gliu8Oy,HARDY,73,FR,contemporary country,country
5M9Bb4adKAgrOFOhc05Y50,Pablo Alborán,73,ES,latin arena pop,latin music
3ZpEKRjHaHANcpk10u6Ntq,Ayra Starr,73,NG,afrobeats,edm
56oDRnqbIiwx4mymNEv7dS,Lizzo,73,US,escape room,escape room
5nvWOyAkfNgVLKESq4fOj2,Montell Fish,73,US,pittsburgh rap,hip-hop
4RVnAU35WRWra6OZ3CbbMA,Kylie Minogue,73,AU,australian dance,edm
0A0FS04o6zMoto8OKPsDwY,YG,73,US,cali rap,hip-hop
6DgP9otnZw5z6daOntINxp,Joel Corry,73,GB,dance pop,pop
738wLrAtLtCtFOLvQBXOXp,Major Lazer,73,JM,dance pop,pop
1w5Kfo2jwwIPruYS2UWh56,Pearl Jam,73,US,alternative metal,rock
00me4Ke1LsvMxt5kydlMyU,Cosculluela,72,PR,latin hip hop,latin music
3LvwPiJQJ0da0GurKMToV0,Baby Gang,72,IT,trap italiana,hip-hop
3m5qlPf2OkihLz3dRYnkPA,Ovy On The Drums,72,CO,colombian pop,latin music
1AgAVqo74e2q4FVvg0xpT7,Tedua,72,IT,indie liguria,indie
5EvFsr3kj42KNv97ZEnqij,Shaggy,72,JM,pop rap,hip-hop
0GgY7hjMoGDsX8ZDe2mwds,Soolking,72,DZ,french hip hop,hip-hop
1GDbiv3spRmZ1XdM1jQbT7,NATTI NATASHA,72,DO,latin pop,latin music
4IMAo2UQchVFyPH24PAjUs,Jowell & Randy,72,PR,reggaeton,latin music
6x2LnllRG5uGarZMsD4iO8,Thomas Rhett,72,US,contemporary country,country
6w3SkAHYPsQ1bxV7VDlG5y,Cazzu,72,AR,argentine hip hop,latin music
5yPzzu25VzEk8qrGTLIrE1,Young Nudy,72,US,pluggnb,pluggnb
4E2rKHVDssGJm2SCDOMMJB,Doechii,72,US,alternative r&b,hip-hop
0Y3agQaa6g2r0YmHPOO9rh,Davido,72,NG,afrobeats,edm
6ElqtIfQsAkEYypgfJIjeK,DannyLux,72,MX,sad sierreno,sad sierreno
4kcQWQDK0u9AftVSpdrAgk,Luck Ra,72,AR,trap argentino,latin music
47zz7sob9NUcODy0BTDvKx,Sade,72,GB,british soul,blues/jazz
7pESOE4dEq8Yk4OKlJa3pS,Panter Bélico,72,MX,corrido,latin music
77AiFEVeAVj2ORpC85QVJs,Steve Aoki,71,US,edm,edm
49EE6lVLgU8sp7dFgPshgM,La Adictiva,71,MX,banda,latin music
4ScCswdRlyA23odg9thgIO,Jess Glynne,71,GB,dance pop,pop
3qnGvpP8Yth1AqSBMqON5x,Leon Bridges,71,US,modern blues,blues/jazz
7fT2Me47PQ8T7954PKrcwR,Bhavi,71,BE,argentine hip hop,latin music
4yxLYO2imECxGYTTV7RQKb,Pailita,71,CL,drill chileno,latin music
4aSlfXDn9R60UlbZEboBUy,YOVNGCHIMI,71,PR,trap latino,latin music
2p1fiYHYiXz9qi0JJyxBzN,Skepta,71,GB,birmingham grime,birmingham grime
12Zk1DFhCbHY6v3xep2ZjI,070 Shake,71,US,new jersey rap,hip-hop
1fUSLFr4WUBx7joEcGwpvG,Sorriso Maroto,71,BR,pagode,pagode
0mA4dkNGiN4fqTBi2SLlAv,Edgardo Nuñez,71,MX,corrido,latin music
3ghRXw2nUEH2THaL82hw8R,La K'onga,71,AR,cuarteto,cuarteto
0GOx72r5AAEKRGQFn3xqXK,GIMS,71,FR,french hip hop,hip-hop
5SulO4l40qDuV9zUGLZx7n,Capo Plaza,71,IT,italian hip hop,hip-hop
5rGrDvrLOV2VV8SCFVGWlj,Imanbek,71,KZ,electro house,edm
3DCWeG2J1fZeu0Oe6i5Q6m,PLK,71,FR,french hip hop,hip-hop
5TYxZTjIPqKM8K8NuP9woO,C. Tangana,71,ES,urbano espanol,latin music
1lpOgw56wZLDa8gaP6bSIs,Fast & Furious: The Fast Saga,71,IT,soundtrack,soundtrack
2kXKa3aAFngGz2P4GjG5w2,SCH,71,FR,french hip hop,hip-hop
0b1sIQumIAsNbqAoIClSpy,j-hope,71,KR,k-pop,k-pop
3gBZUcNeVumkeeJ19CY2sX,Ken Carson,71,US,rage rap,hip-hop
4puAp107dCehraE47QXVQX,C.R.O,71,DE,trap argentino,latin music
6n28c9qs9hNGriNa72b26u,PNAU,71,AU,alternative dance,alternative dance
6nS5roXSAGhTGr34W6n7Et,Disclosure,71,GB,edm,edm
51XrH5fQP2oIQynuKxSWcW,Sky Rompiendo,71,CO,urbano latino,latin music
6RdcIWVKYYzNzjQRd3oyHS,Pinguini Tattici Nucleari,71,IT,bergamo indie,indie
5yOvAmpIR7hVxiS6Ls5DPO,Omah Lay,70,NG,afrobeats,edm
6P6GTRTigHBp8ZesNtpCKH,Almighty,70,GB,reggaeton flow,latin music
51ZSh80McCt7vbqHouzW0A,Yahritza Y Su Esencia,70,MX,sad sierreno,sad sierreno
22dFwJoRBV51ue5TGnC7Dt,Beny Jr,70,ES,drill espanol,hip-hop
2SrSdSvpminqmStGELCSNd,Stormzy,70,GB,grime,grime
6fWVd57NKTalqvmjRd2t8Z,24kGoldn,70,US,cali rap,hip-hop
3TGeuw7OmACouH5JAKkX7I,MC Davo,70,MX,mexican hip hop,hip-hop
6W5uA6CNMf3hd2j4a2XWCx,Naps,70,FR,french hip hop,hip-hop
5szJHKg5xeUlQ9pTqzdpic,Taiu,70,AR,trap argentino,latin music
5bWUlnPx9OYKsLiUJrhCA1,Jon Z,70,PR,reggaeton,latin music
5hdhHgpxyniooUiQVaPxQ0,Nio Garcia,70,PR,reggaeton,latin music
1ZMJSCQw8DIefcLb1FIpY0,Los Dareyes De La Sierra,70,MX,classic sierreno,classic sierreno
3SozjO3Lat463tQICI9LcE,Tyla,70,GB,british pop,pop
1yX62RHdYysNcIrO33WQxJ,Dani Flow,70,JP,urbano mexicano,latin music
4A4qYy2jK9DDN1OHV0nLkH,Código FN,70,MX,corrido,latin music
0YinUQ50QDB7ZxSCLyQ40k,Mustard,70,US,cali rap,hip-hop
49aaHxvAJ0tCh0F15OnwIl,Loreen,70,SE,europop,pop
0LKAV3zJ8a8AIGnyc5OvfB,SDM,70,FR,french hip hop,hip-hop
1fIJZfSmqQkuqfKNRmrS1V,El Jordan 23,70,CL,mambo chileno,latin music
5dXlc7MnpaTeUIsHLVe3n4,Coez,70,IT,italian adult pop,pop
4sbXXFzEWJY2zsZjelerjX,Dadju,70,FR,french hip hop,hip-hop
5dHt1vcEm9qb8fCyLcB3HL,A$AP Ferg,70,US,hip hop,hip-hop
5TcnuUD5MHBfd1cO4kweWD,Alex Favela,70,MX,corrido,latin music
2CCgb0KApjfQDuTppovpf8,Rvfv,70,ES,drill espanol,hip-hop
5pVRwX5ZQR7hfJ18w8ZYkl,Ufo361,70,DE,german cloud rap,hip-hop
1YfEcTuGvBQ8xSD1f53UnK,Busta Rhymes,70,US,east coast hip hop,hip-hop
6veh5zbFpm31XsPdjBgPER,BIA,70,US,rap latina,latin music
55fhWPvDiMpLnE4ZzNXZyW,Noah Cyrus,70,US,alt z,alt z
6GRwwWAtmusrgAL5JF9Dfr,Callejero Fino,70,AR,rkt,latin music
7IlRNXHjoOCgEAWN5qYksg,Aya Nakamura,69,FR,basshall,edm
12zbUHbPHL5DGuJtiUfsip,Julien Baker,69,US,ambient folk,ambient folk
0Ty63ceoRnnJKVEYP0VQpk,Sting,69,US,permanent wave,permanent wave
1yqxFtPHKcGcv6SXZNdyT9,MK,69,US,house,edm
7CUFPNi1TU8RowpnFRSsZV,Niska,69,FR,french hip hop,hip-hop
3bvfu2KAve4lPHrhEFDZna,Lola Indigo,69,ES,latin viral pop,latin music
14CHVeJGrR5xgUGQFV5BVM,Fivio Foreign,69,US,brooklyn drill,hip-hop
1MRiIeZbc0cRuxOafDUCtH,BLANCO,69,US,italian hip hop,hip-hop
2R4kNOwHUUsuDYhKsESVbF,Artie 5ive,69,US,italian hip hop,hip-hop
3lY9Fxceu60W1rbon7PkuF,Omar Montes,69,ES,flamenco urbano,flamenco urbano
6bpv92ES2Vcv2OKA3DAhgw,Joaquin Medina,69,MX,corridos tumbados,latin music
2a0uxJgbvvIRI4GX8pYfcr,J Hus,69,GB,afroswing,hip-hop
2wkoKEfS6dXwThbyTnZWFU,Mau y Ricky,69,VE,latin pop,latin music
3jNkaOXasoc7RsxdchvEVq,Chase & Status,69,GB,dancefloor dnb,edm
2LmcxBak1alK1bf7d1beTr,Juhn,69,PR,reggaeton,latin music
3YwqjMyrRfuixi2pbgTGCE,Heuss L'enfoiré,69,FR,french hip hop,hip-hop
7BgEOZ9w3Y4IMShXTMu1nN,Frah Quintale,69,IT,italian hip hop,hip-hop
1RBzGO6Nm3uyhUSxP7EDWO,KEVIN ROLDAN,69,CO,reggaeton,latin music
48R2gYdPKtfnfKAzhSVPUx,Migrantes,69,AR,cumbia pop,latin music
4axKuDPr6WKcDCyh8vueTY,Luar La L,69,PR,trap latino,latin music
3K2Srho6NCF3o9MswGR76H,Bakar,69,GB,uk alternative hip hop,hip-hop
2NjfBq1NflQcKSeiDooVjY,Tones And I,69,AU,australian pop,pop
7kjSuFGKhLm8b5qXoMhRkJ,Libianca,69,US,afrobeats,edm
4WFwvZ4L8FZbt3qubbQJS6,Michelle Maciel,69,MX,urbano mexicano,latin music
2DspEsT7UXGKd2VaaedgG4,Alex Rose,68,PR,reggaeton,latin music
768O5GliF0bqscyghggrbE,Polimá Westcoast,68,CL,trap chileno,latin music
66lH4jAE7pqPlOlzUKbwA0,Miranda Lambert,68,US,contemporary country,country
4o0NtnL2m0lzZmEdRas1qv,Ovi,68,US,corrido,latin music
5JMLG56F1X5mFmWNmS0iAp,Chelsea Cutler,68,US,alt z,alt z
048LktY5zMnakWq7PTtFrz,CKay,68,NG,afro r&b,hip-hop
43BxCL6t4c73BQnIJtry5v,James Hype,68,GB,deep groove house,edm
7K80yOTC0Id95gRaOxDG5u,ANNA,68,GR,italian hip hop,hip-hop
4yjm4SvYqC5FFuLbB6TyHr,Bellakath,68,MX,perreo,latin music
7FeObngbQ0GY3SojNwKdKn,Bresh,68,IT,italian hip hop,hip-hop
58wXmynHaAWI5hwlPZP3qL,Booba,68,FR,french hip hop,hip-hop
5gs4Sm2WQUkcGeikMcVHbh,Hamza,68,BE,belgian hip hop,hip-hop
3Me35AWHCGqW4sZ7bWWJt1,Xavi,68,MX,sad sierreno,sad sierreno
1r43wW70tnGUauQYvY5w48,BENNETT,68,US,techno,edm
44mEtidu0VdRkIqO4IbkNa,Marca MP,68,MX,corrido,latin music
4CQdcx66F116k2db2Y0rjE,Hades66,68,PR,trap latino,latin music
0rJ0xlAQI0wLRucDRoQQbO,El Makabelico,68,MX,corrido,latin music
0jeYkqwckGJoHQhhXwgzk3,Cruz Cafuné,68,ES,rap canario,hip-hop
60XHOAhvEBiV6BGBOv8ClM,La Joaqui,68,AR,argentine hip hop,latin music
6oMRQ5H3A2XA5I3RG3leni,Alan Gomez,68,AR,cumbia 420,latin music
19i93sA0D7yS9dYoVNBqAA,thasup,67,IT,italian hip hop,hip-hop
66Ok6bgC570sHkw08N20pZ,OBOY,67,FR,french hip hop,hip-hop
1FxPMQ9A0882eNDx3ZkD6B,La T y La M,67,AR,cumbia pop,latin music
5DUlefCLzVRzNWaNURTFpK,Cali Y El Dandee,67,CO,colombian pop,latin music
0vjeBgTzYTwmYoVySJzXGD,Virlan Garcia,67,MX,banda,latin music
3hBQ4zniNdQf1cqqo6hzuW,Salmo,67,IT,italian hip hop,hip-hop
4ofCBoyEiGSePFAG500xev,Regard,67,BA,pop dance,pop
4GGfAshSkqoxpZdoaHm7ky,ERNEST,67,US,modern country pop,country
7wgrXbrp9RJQMri26GZgyH,Uzielito Mix,67,US,perreo,latin music
1cKyknhftNKXCjMBd2hDrG,DYSTINCT,67,BE,belgian hip hop,hip-hop
6k8mwkKJKKjBILo7ypBspl,Ana Mena,67,ES,spanish pop,pop
11HepfI1lj6KJHj651rZhM,Lucky Brown,67,CL,urbano chileno,latin music
2UqRkW2wfEkZmyvKyTTv2W,Ulises Bueno,67,AR,cuarteto,cuarteto
0haZhu4fFKt0Ag94kZDiz2,Sofía Reyes,67,MX,latin pop,latin music
7b79bQFziJFedJb75k6hFt,Tion Wayne,67,GB,london rap,hip-hop
6ueGR6SWhUJfvEhqkvMsVs,Janelle Monáe,67,US,afrofuturism,edm
4bJh7sMPcVRiqe5jlnsWQV,DELLAFUENTE,67,ES,flamenco urbano,flamenco urbano
3ASAxVN1hNoYfoMcIkzZWL,VillaBanks,67,IT,italian hip hop,hip-hop
7qmpXeNz2ojlMl2EEfkeLs,Nicky Youre,67,US,singer-songwriter pop,pop
3HqP3nd8WI0VfHRhApPlan,Trinix,67,FR,bass trap,hip-hop
1fux65HMCBvfJHqlBc4Nno,Casper Magico,67,PR,reggaeton,latin music
1iNqsUDUraNWrj00bqssQG,Dreamville,67,US,hip hop,hip-hop
6MPCFvOQv5cIGfw3jODMF0,Internet Money,67,US,pop rap,hip-hop
0EqkKYDK9EkKY5N7zU3FPv,Annalisa,67,IT,italian adult pop,pop
1pf0MPKfKdvS8J779mS1Ay,Miky Woodz,67,PR,reggaeton,latin music
2z2TRvloJt4EfUNQp9rHAi,Alonzo,67,FR,french hip hop,hip-hop
5PlfkPxwCpRRWQJBxCa0By,HUGEL,67,FR,deep house,edm
0MvSBMGRQJY3mRwIbJsqF1,Royal Philharmonic Orchestra,67,GB,british orchestra,british orchestra
205i7E8fNVfojowcQSfK9m,Dom Dolla,67,AU,australian house,edm
7yntSJ6uojO3z6GFUVwhAW,CORPSE,67,BG,pov: indie,indie
3fhMfkPPzksWuw0hEm4ldm,Ernia,67,IT,italian hip hop,hip-hop
2bxxlINUlcMQQb39K7IopR,Abraham Mateo,67,ES,latin arena pop,latin music
0eecdvMrqBftK0M1VKhaF4,CNCO,67,US,boy band,boy band
6CKch2otN4SPznHf9ms5JF,Tony Effe,67,IT,italian hip hop,hip-hop
78YqeIji3mgAS2K1Maca6x,Dylan Scott,67,US,contemporary country,country
7kNqXtgeIwFtelmRjWv205,John Summit,67,US,house,edm
6UCQYrcJ6wab6gnQ89OJFh,Headie One,67,GB,uk hip hop,hip-hop
7hIqJfRYGBWWT1Qxu6Cpd2,Andy Rivera,67,CO,reggaeton,latin music
7dIpKWlEeAljA20vFJ82RD,Roar,66,US,pov: indie,indie
0qts5zYDAeK8dBmrdF2Zwq,Drillionaire,66,IT,italian hip hop,hip-hop
77aLk6J8ofnVxa1eXK9jiU,Matisse,66,GR,latin arena pop,latin music
5lFhCi03HDneWzvCxGctrT,Jory Boy,66,PR,reggaeton,latin music
3ScY9CQxNLQei8Umvpx5g6,Fat Joe,66,US,bronx hip hop,hip-hop
76UCIJTB0jcJvBaL0CdIqx,Takagi & Ketra,66,IT,italian adult pop,pop
1q7T9rFQ2a2ukA1PU51fo3,Koba LaD,66,FR,french hip hop,hip-hop
1X6cBGnXpEpN7CmflLKmLV,Kizz Daniel,66,NG,afrobeats,edm
3fZk3Gm5dN5v5yfYMQ04Bx,Dímelo Flow,66,PA,reggaeton,latin music
0EUR8jz8L936AEbV2Spkca,Kid Yugi,66,IT,italian hip hop,hip-hop
1ybINI1qPiFbwDXamRtwxD,Smino,66,US,alternative r&b,hip-hop
7u710e44HW3K7A5eTnRqHC,Fabri Fibra,66,IT,italian hip hop,hip-hop
4bPiOPI4V99cepEftvBYak,Banda Los Recoditos,66,MX,banda,latin music
77iZVjeYoYSl5P0K9mIiUE,Haze,66,US,latin pop,latin music
2ZRQcIgzPCVaT9XKhXZIzh,Gryffin,66,US,edm,edm
5xIOUIBQhGFX7HIj8lhdyU,Omar Varela,66,MX,gaming dubstep,gaming dubstep
5CA5IqbsFr4hpNLdjgO0BU,DJ Tao,66,US,cumbia 420,latin music
0Yg29FX1M4ayqjXs0ttZFq,Young Cister,66,CL,trap chileno,latin music
3E12tRURRvPfHz0hAMCFYc,Omar Courtz,66,PR,trap boricua,hip-hop
7xNYY1Zkb1vks5m9ATlJok,Naza,66,FR,french hip hop,hip-hop
1YRqgFNXqRyMDRr8ClS1NL,Kaliii,66,US,rap,hip-hop
2IKdK6PbitvCiXt1t2bPU6,Mesita,66,US,rap uruguayo,hip-hop
2Yia9CwtgcrsN5kVOQ0qRA,ZECCA,66,AR,techengue,techengue
7zAAwgV5Wqmvpb4GzvlRkP,Jazzy,65,GB,charva,charva
62DmErcU7dqZbJaDqwsqzR,Popcaan,65,JM,dancehall,jamaican
3YeBTR1Q1rUxKguz4jP6UV,Damas Gratis,65,AR,cumbia 420,latin music
4uJNQGa3L2frXDxwgouTIw,Franglish,65,FR,french hip hop,hip-hop
4YYxffPVDFe9XoqqbRW6Bq,L-Gante,65,MX,cumbia 420,latin music
3VHAySZQPlfGlNLslzXYpN,NATHY PELUSO,65,ES,r&b en espanol,hip-hop
1yPvnL2XGGehNiOGWzcAAG,Dan Sanchez,65,MX,corrido,latin music
3yiEJ9SByXZMXTwaKdVFN4,Luchè,65,IT,italian hip hop,hip-hop
1CFCsEqKrCyvAFKOATQHiW,Lecrae,65,US,christian hip hop,hip-hop
1UjxAZqzphB1tsMb1aWBj0,Omega,65,HU,rap dominicano,hip-hop
3SCOuAxngTC1yGjKMcIPEd,Lasso,65,VE,pop venezolano,pop
3WTrdbZU99dgTtt3ZkyamT,Oxlade,65,GB,afrobeats,edm
1MIVXf74SZHmTIp4V4paH4,Mabel,65,ES,pop,pop
3QVolfxko2UyCOtexhVTli,Angèle,65,BE,belgian pop,pop
0qTZZWLzuD59Un5r1speHm,Chris Jedi,65,PR,reggaeton,latin music
7i9j813KFoSBMldGqlh2Z1,Riton,65,GB,house,edm
6zlR5ttMfMNmwf2lecU9Cc,Sam Fender,65,GB,modern rock,rock
1KQJOTeIMbixtnSWY4sYs2,Paky,65,IT,italian hip hop,hip-hop
4IC2X34tZmHG3VfTbpzvwL,Julianno Sosa,65,CL,urbano chileno,latin music
44DWomjW1oDuxIoBIRpmQ4,Rhove,65,IT,italian hip hop,hip-hop
20DZAfCuP1TKZl5KcY7z3Q,SLANDER,65,US,dubstep,edm
1VBflYyxBhnDc9uVib98rw,Icona Pop,65,SE,candy pop,pop
6l7R1jntPahGxwJt7Tky8h,Obongjayar,65,GB,experimental r&b,hip-hop
0ciLF0bOuu2BhqzCEZgHoB,Pixote,65,BR,funk carioca,blues/jazz
5l4nhyz8876RhgE2d18h65,Vasco Rossi,65,IT,classic italian pop,pop
07CimrZi5vs9iEao47TNQ4,Flowdan,65,GB,grime,grime
1ZDu0fOcpCIjDwyl2cvk08,Vale Pain,65,IT,trap italiana,hip-hop
6kq4GHwUcUojGIu0ziSNXf,Amenazzy,65,DO,rap dominicano,hip-hop
3ppQEG71r7jVpI8RudzycF,OHGEESY,65,US,cali rap,hip-hop
2Htm0q72SjGSmsy8EOIhRG,Los Palmeras,65,AR,cuarteto,cuarteto
5FQ8tBUtIamA2hRtatrYUF,Marc Seguí,65,ES,spanish pop,pop
7DUTsWY3RBd64vh8UtgtYA,Lacrim,65,FR,arabic hip hop,hip-hop
35dxfY1wywqVRUEaVuMm13,Bou,65,GB,charva,charva
6i392l38cR3uBPF0DbNs7S,Quality Control,64,US,melodic rap,hip-hop
5c0lDrNyT2RnFhujZpPIas,Victor Thompson,64,NG,naija worship,naija worship
582KhTHEVOONNQLmQ5612r,Calcutta ,64,IT,italian adult pop,pop
0dXXFVCw0LKzmHFrTLUaQJ,Tito Torbellino Jr,64,MX,corrido,latin music
1uU7g3DNSbsu0QjSEqZtEd,Masked Wolf,64,AU,australian hip hop,hip-hop
6rHwFb0YjWexAYxTjm4eIj,Nickoog Clk,64,CL,mambo chileno,latin music
4oZolC0sCwCAKqsNXfRlVS,The La Planta,64,AR,cumbia pop,latin music
20JMfmzDb5cjHxEoMXXMyY,Favé,64,FR,drill francais,hip-hop
72A0Z8q8NiochyK9gUHpCR,The Kolors,64,IT,italian adult pop,pop
7x3eTVPlBiPjXHn3qotY86,KeBlack,64,FR,french hip hop,hip-hop
6FtwCmLY6L1sqvjaQ2lV6G,Emis Killa,64,IT,italian hip hop,hip-hop
61bQ4nwIioR8w6PGxzpyY3,Rondodasosa,64,IT,drill italiana,hip-hop
2cdoH2XFAhj0LlSo4P2fJJ,Alejo Isakk,64,AR,rkt,latin music
35V1WomiedCJeGfupcPm7s,Tananai,64,IT,italian pop,pop
7m0BsF0t3K9WQFgKoPejfk,ArrDee,64,GB,uk hip hop,hip-hop
7DXregrznS25AM30UY9sUU,King Savagge,64,CL,mambo chileno,latin music
0L1f9i3L3fkMNENljDOsjG,Rocco Hunt,64,IT,italian adult pop,pop
7CW7QdOgRStOg7JktRuZ3E,Imen Es,64,FR,pop urbaine,pop
4DWuml4Jf6K81b5rAPwMb6,Clementine Douglas,64,GB,uk dance,edm
1Kjs5u8GQf6zCFdTj6SI9E,Malik Montana,64,PL,polish drill,hip-hop
39B7ChWwrWDs7zXlsu3MoP,Sonny Fodera,64,AU,house,edm
50sIhX3HytFEwQXZJLUZQE,Alejo,64,PR,reggaeton,latin music
70gP6Ry4Uo0Yx6uzPIdaiJ,Bas,64,US,canadian hip hop,hip-hop
0WK3H9OErSn5zKOkOV5egm,DDG,64,US,pop rap,hip-hop
7GgpsUpkj3olseoaTY7TEY,Elodie,64,BE,italian adult pop,pop
2PEMswqQspTSsAltdeF5kO,Simba La Rue,63,IT,drill italiana,hip-hop
2aya6KuqjXEhHBqYKsTPLs,Rose Villain,63,IT,italian hip hop,hip-hop
7A8S43ryYdbWpJKeHRZRcq,JACKBOYS,63,US,pop rap,hip-hop
5R3Hr2cnCCjt220Jmt2xLf,Dillon Francis,63,US,brostep,edm
3lbFUmlaNMa9ZVSabLlkhn,Medy,63,IT,italian hip hop,hip-hop
7B4hKK0S9QYnaoqa9OuwgX,Eazy-E,63,US,g funk,blues/jazz
5C01hDqpEmrmDfUhX9YWsH,FIFA Sound,63,GB,football,football
33NrinbbEctw1wsdKNgZeZ,Rionegro & Solimões,63,BR,sertanejo,sertanejo
39XT9gMoNmMCOlvTTR273m,K-Trap,63,GB,uk drill,hip-hop
3rxeQlsv0Sc2nyYaZ5W71T,Chet Baker,63,US,cool jazz,blues/jazz
7GacyaFUp0qkEJglERX9N7,Alfa,63,US,pop virale italiano,pop
3pgCLfNbw5ozIfoNsvDU7i,Fedez,63,IT,italian adult pop,pop
1nRbtbdYK51y71nVOxu332,Kerchak,63,FR,drill francais,hip-hop
2NfSBtmWe7oPw1EmetJVso,Boza,63,PA,panamanian pop,pop
2TSslwx9J30KElgEr68sdv,Los Alegres Del Barranco,63,MX,corrido,latin music
4riOEaOW5hCeqomFDBk0aP,Rochy RD,63,DO,dembow,latin music
5iot8OPcosJN9nCl7I5SdK,Irama,63,IT,italian adult pop,pop
3NRFinRTEqUCfaTTZmk8ek,Savage Garden,63,AU,boy band,boy band
2E6AK3UPEGCvjnzuygCh2h,Night Skinny,63,IT,italian hip hop,hip-hop
5XQWXnMwsvuvCPMneXUbsy,Marcianeke,63,CL,reggaeton chileno,latin music
0niAkxgT6y57bRbT0Ge94z,LiL CaKe,63,AR,trap argentino,latin music
7zPS3i8YJBNeDcqXUHfCMr,AVA,63,US,italian hip hop,hip-hop
6PsQc21YZU7WNfiODG69Qk,Tony Boy,63,IT,emo rap italiano,hip-hop
1K7IC4qha4KEXySo6yZmnH,Michelangelo,62,IT,italian hip hop,hip-hop
5f9pQjPeDbuRF1GowQXo3L,Gusty dj,62,AR,rkt,latin music
2qoQgPAilErOKCwE2Y8wOG,GloRilla,62,US,southern hip hop,hip-hop
4BFn4jmfqSNaHtPWHTcy41,MamboLosco,62,IT,italian pop,pop
7FOQfJbC3e4GNoheojERnF,SleazyWorld Go,62,US,rva drill,hip-hop
2ojqsY1ycYzZOpLDBBwHPU,Homixide Gang,62,US,rage rap,hip-hop
5Matrg5du62bXwer29cU5T,Benny The Butcher,62,US,alternative hip hop,hip-hop
0Riv2KnFcLZA3JSVryRg4y,Hiroyuki Sawano,62,JP,anime score,anime score
2jFnPm8VeSO19i6B8blXB5,Abou Debeing,62,FR,french hip hop,hip-hop
5ITI6SEoUZMIXXkzCfr4oE,Aluna,62,GB,dance pop,pop
6wMr4zKPrrR0UVz08WtUWc,Black Coffee,62,ZA,south african house,edm
2lolQgalUvZDfp5vvVtTYV,Tony Bennett,62,US,adult standards,adult standards
2Jb9jVnCpWkXtoGznFJ6bF,ECKO,62,AR,argentine hip hop,latin music
2s7fZ34RK8RUJQ2ewsh6I5,RK,62,FR,french hip hop,hip-hop
0gzwXezN4IUHAwLufA6YcX,Emma,62,IT,italian adult pop,pop
3x3jSlhyv5CiCZDZlaTq0M,Pi’erre Bourne,62,US,melodic rap,hip-hop
1ntQKIMIgESKpKoNXVBvQg,Kaaris,62,FR,drill francais,hip-hop
5PYNYuJvINkkQZV6ncScjf,SPONSOR DIOS,62,AR,trap argentino,latin music
6OP8Y0UsezppFkU1hZU6EJ,El Chachito,62,MX,corrido,latin music
3k090bKo2iSqNdowffKHrt,Balbi El Chamako,62,CL,mambo chileno,latin music
4iWkwAVzssjb8XgxdoOL6M,TIAGO IORC,62,BR,folk brasileiro,folk brasileiro
6L8y2rKomt32RmT4wfwZS7,Jungeli,62,FR,french r&b,hip-hop
6hb3ftxbKAFsOiNCdFbyzJ,Andry The Hitmaker,62,IT,italian hip hop,hip-hop
0QR764k0D36npmTMWx5bft,Żabson,62,PL,polish hip hop,hip-hop
0ksX396B3t2Gt8kwr0BJZk,Fumez The Engineer,62,IT,melodic drill,hip-hop
0Sadg1vgvaPqGTOjxu0N6c,Girls' Generation,62,KR,k-pop,k-pop
2SabhGDiBSyaM6QSuBUVqB,Noizy,62,AL,albanian hip hop,hip-hop
1hNaHKp2Za5YdOAG0WnRbc,Tiwa Savage,62,NG,afrobeats,edm
6JaOGIlSvYswVLPmGUheOO,GARABATTO,62,ES,trap latino,latin music
4GepMkTgrIZECoCC55vqjW,Marama,62,UY,cumbia pop,latin music
1HD6q5dxREv64GOc3H7vBs,Maestro Chives,62,PL,NA,NA
3441uYrkzgTWwjXLd13R0U,Enigma Norteño,62,MX,banda,latin music
4rRwh9ghjocFABAwIwnunp,Gittobeatz,62,AR,NA,NA
6C1X5Uh3DPIkC2gaVq00BL,Jala Brat,62,BA,balkan hip hop,hip-hop
6eXZu6O7nAUA5z6vLV8NKI,Little Simz,62,GB,alternative r&b,hip-hop
1YZhNFBxkEB5UKTgMDvot4,Lang Lang,62,CN,chinese classical performance,chinese classical performance
0LshXUmIub6xKvOq4QmtNs,ITHAN NY,62,CL,drill chileno,latin music
3tzacGOmngxUV8W8lU9h3Q,La Delio Valdez,62,AR,argentine rock,latin music
2TQ4CGgxxCWHqa9yYIGDoU,Big Soto,62,VE,trap latino,latin music
1GAymyGBvB4gQy5Z5LZ1Wj,Lalo Ebratt,62,CO,colombian hip hop,latin music
4JM1zsVj1pt38Q8mhv5teI,Young Jonn,62,NG,afrobeats,edm
1QEd635szhierW6gzRiS1o,Hannah Laing,62,GB,charva,charva
7GDrXlpRrdG29o4n0pNR5D,Bru-C,62,GB,bassline,bassline
7AUgYiThuW80zSOwY7Ub2g,El Mimoso Luis Antonio López,62,MX,banda,latin music
4VVEpEhC8NcR7AqNEds42U,Chimbala,62,DO,dembow,latin music
4mAsWDGLUIEdo6imU77WG6,Boomdabash,61,IT,italian adult pop,pop
5pughe5rcsOq3GF0utMOs5,DrefQuila,61,CL,reggaeton chileno,latin music
1hHYi4Vy83BGo6TqKd98hu,Boro,61,IT,italian hip hop,hip-hop
0HxX6imltnNXJyQhu4nsiO,LF SYSTEM,61,GB,uk dance,edm
7a35Zdc78bDXJv2vYf5hSO,Beendo Z,61,FR,drill francais,hip-hop
2BTS8Np1YzPQuXjgdlqsBB,Emanero,61,AR,argentine hip hop,latin music
2LakckgvXEtJlKOYP6BO11,Lancey Foux,61,GB,rage rap,hip-hop
5oNgAs7j5XcBMzWv3HAnHG,DJ Drama,61,US,dirty south rap,hip-hop
5eIbEEQnDM8yuDVB0bimSP,RL Grime,61,US,brostep,edm
0QqmgpgI0C1DyyDk49vnxY,MV Killa,61,IT,italian hip hop,hip-hop
2SNfNJDsahTSVFwgxposF5,Soge Culebra,61,ES,rap conciencia,hip-hop
2kIs76sEGiulKeqetZq6ua,Jok'air,61,FR,french hip hop,hip-hop
063Vp9es6lLAbFUDtIAkFD,Abraham Vazquez,61,RO,corrido,latin music
2SJhf6rTOU53g8yBdAjPby,SoFaygo,61,US,glitchcore,glitchcore
3WMlRpW5JWuDI95TcEWt3r,Salastkbron,61,AR,pop argentino,latin music
1xr2G8Hlx4QWmT9HaUbmoO,Young Stoner Life,61,US,pop rap,hip-hop
7wU2WGCJ8HxkekHHE2QLul,Fuego,61,US,electro latino,latin music
5rRcnWrevHgbuWjl7Lhft7,Merk & Kremont,61,IT,house,edm
17fY0VRyqRgmqI3dHlE1UU,IRAH,61,DK,hip hop,hip-hop
7xsuKSqVVN2JzUIpZV0GeW,DRODi,61,US,corrido,latin music
0Y8KmFkKOgJybpVobn1onU,Luciano Pavarotti,61,IT,canzone napoletana,canzone napoletana
42cc22xiuvWzjmFHSKwwwv,Locura Mix,61,US,cumbia 420,latin music
6qGkLCMQkNGOJ079iEcC5k,Ben Platt,61,US,broadway,broadway
3HL1CyOnDLFJo1Rr8YBlKy,Mina,61,IT,classic italian pop,pop
5ZlyVrDhzKVvaZNj3b58fE,Lossa,61,FR,hip hop,hip-hop
6lHL3ubAMgSasKjNqKb8HF,Mýa,61,US,contemporary r&b,hip-hop
1sybJwRGo9WiiqcZLzzAbS,Sacky,61,IT,italian hip hop,hip-hop
67gqUXxHedeUGDTxwBzdjS,Conway the Machine,61,US,alternative hip hop,hip-hop
4IS4EyXNmiI2w5SRCjMtEF,Kendji Girac,61,FR,french pop,pop
4RXxwBtdt6k1YNyyAyiOng,Pipe Bueno,60,CO,colombian pop,latin music
117Ngy9A9prluWeHKheHwz,Trigga,60,GB,edm,edm
5h7nWgcp5DTynhz4iaq0Ri,Takura,60,GB,zim hip hop,hip-hop
1A6HBLulvBFzNtlMb7b08f,Angelina Mango,60,IT,italian pop,pop
0OTHm6AFLxgeTm0gHNOuWi,De Parranda,60,ES,spanish pop,pop
23rleGXVOVVgTk3xgtmfE4,Gordon Lightfoot,60,CA,canadian country,country
2FwJwEswyIUAljqgjNSHgP,Snakehips,60,GB,electropop,pop
3L774tiJRvPmAS90pOLB44,Rsko,60,FR,r&b francais,hip-hop
5H5RWXYleho8amdspskcUb,Niko Pandetta,60,IT,neomelodici,neomelodici
0n6sKrG0xKAf8xmdqeNGke,Los Legendarios,60,PR,trap latino,latin music
5pZE9tgrhmIGWAsJZ7YxNK,Luny Tunes,60,DO,reggaeton,latin music
3GPTvhZ8XfH7WkHXidvELk,Chris Lebron,60,DO, urbano latino,latin music
0Xo4VFS3v07L0GwIVkZLfg,Homer El Mero Mero,60,AR,argentine hip hop,latin music
27gtK7m9vYwCyJ04zz0kIb,Lane 8,60,US,gauze pop,pop
4RWJOoYwgF978LOn8Fainp,Yami Safdie,60,AR,cantautora argentina,cantautora argentina
5IYRfypwG9BDDh5ZRPI80z,Totoy El Frio,60,CO,reggaeton colombiano,latin music
535ap2f16rTOKTMPTkvbGB,Los Buitres De Culiacan Sinaloa,60,MX,corrido,latin music
24oVOFAARWAYUb1LaedbI0,Icy Subzero,60,US,italian hip hop,hip-hop
1zdSbv2pR3OIFKselYbJsC,Tunvao,60,ES,spanish hip hop,hip-hop
0lI3rF4hi4op6UxqlLHPzv,Achille Lauro,60,IT,italian adult pop,pop
0QrUbsrL5imqntAfDl8i7q,Fred De Palma,60,IT,italian adult pop,pop
5H6xmHXjsq98NLbEjuE29f,NEIKED,60,FR,scandipop,pop
3X2DdnmoANw8Rg8luHyZQb,Romy,60,GB,british pop,pop
4AuHHsxMRVg7bXSgvlrAff,RoRo,60,US,modern alternative pop,pop
04XdCDDrPnnqidaVBTOQjt,Hernan y La Champion's Liga,60,AR,cuarteto,cuarteto
2t7vyRN71qtQT18frElAnV,Maikel Delacalle,60,ES,rap canario,hip-hop
5npvUMe1CGnIhTX7OaLGVV,Ulices Chaidez,60,MX,banda,latin music
59MLbXG0jLVwJup3KAd6m1,Mr.Rain,60,IT,italian adult pop,pop
3t7UqWteBBmHXkcVhMSyay,Leonel García,60,MX,latin pop,latin music
4y5lvMadZv6NAv8RgcCRem,Yung Snapp,60,IT,italian hip hop,hip-hop
3J7r4VsNmuWixU0nXvyPd8,Kalash,60,FR,cloud rap francais,hip-hop
5KQX0Ui06LVm6PApyicRFK,Rombai,59,UY,cumbia pop,latin music
26zgIfFyTCImkHAp5gwKW8,Joé Dwèt Filé,59,FR,r&b francais,hip-hop
5U5wYVqrbD6J8SK4kNhau4,Kaleb Di Masi,59,AR,cumbia 420,latin music
1ADdpen72RPuafRcv0YRBf,Antonio Orozco,59,ES,pop flamenco,pop
6WAnQfBWB7ddhujPsFQ0pG,Lauty Gram,59,BR,rkt,latin music
408vMm7y1227ASq7GmWygZ,Sarz,59,NG,afrobeats,edm
438nTuoZFCZCyBl33jE9dU,Ashafar,59,NL,dutch hip hop,hip-hop
2siHvYaxjaW5rKVRiIrMYH,Anastacia,59,US,NA,NA
6hkKbkZGvAXuvle2FhCnxy,Shablo,59,IT,italian hip hop,hip-hop
0zhMujl1yB8pkB023Qm4Y2,Green Montana,59,BE,belgian hip hop,hip-hop
6PIIKavZx20FlVKyIvb4Um,Calema,59,ST,musica santomense,musica santomense
7awyvLSthqOcL5A3hnR1pf,Alex Gargolas,59,PR,reggaeton,latin music
6NyPX5jymkvSPaJhCh1crb,Yeruza,59,PR,trap boricua,hip-hop
2QUvtLq6oQaX0LNsYY2fas,Cauty,59,PR,reggaeton,latin music
7rrTqtOUOwva4sgTx9C9F9,Joy Oladokun,59,US,black americana,black americana
3GWuJyC9r6Ug0F6jeLzTpY,Finesse,59,IT,italian hip hop,hip-hop
3Ph8hNhDsxyruCsu6QyNfJ,Lijay,59,US,NA,NA
4TrraAsitQKl821DQY42cZ,Sigrid,59,NO,norwegian pop,pop
2Oc5k5AzcBOoH470jTgZzp,El Frizian,59,MX,corridos belicos,latin music
4i2al9gevm5K5OlbjqzcJs,Peipper,59,AR,NA,NA
5Jv1MsZBh0sqokFq7pU8Xg,Pheelz,59,NG,afrobeats,edm
1QivQCLVipV61DiQiyV14A,Kim Loaiza,59,MX,latin viral pop,latin music
0oeiA5U9u1U45Gos5cywUU,Soso Maness,59,FR,french hip hop,hip-hop
69lxxQvsfAIoQbB20bEPFC,Philip Glass,59,US,american contemporary classical,american contemporary classical
0hk4xVujcyOr6USD95wcWb,Sick Luke,58,IT,italian hip hop,hip-hop
5M0lbkGluOPXLeFjApw8r8,DRAM,58,US,pop rap,hip-hop
4wP1kxjUsc9IR4Iy2smL7o,Trinidad Cardona,58,US,sped up,sped up
6p46LxMXeRu3FRYN4tK5Lv,SativaMusic,58,PR,NA,NA
0Yr4BBpK2dkCp2UsrJ9LZN,Bankrol Hayden,58,US,melodic rap,hip-hop
5RaQ9nmVGoTye2SI76x3yw,Kofs,58,FR,french hip hop,hip-hop
11usEAQkFE6UJwsyAKkchi,Caleb Calloway,58,PR,urbano latino,latin music
02seUFsFQP7TH4hLrTj77o,Nathaniel Rateliff & The Night Sweats,58,US,indie folk,indie
0XMi14343o5LtUKVdKmMUj,Slings,58,US,italian hip hop,hip-hop
2GYIFLUsVVHPPUzOfJndRh,Benzz,58,US,NA,NA
6ZvYYrrfpb1Z7kICDyxWQE,DEKKO,58,CO,reggaeton colombiano,latin music
6tmdudtl1wM5WwTIqZX0WD,La Ventaja,58,MX,corrido,latin music
7kaoO6sl3TKJ6p31PxqubZ,JEY BROWNIE,58,FR,NA,NA
4p5IspnsqtILeRtckOxumu,Il Tre,58,IT,italian hip hop,hip-hop
6kPf6aO5cAHU2RJUDN1UUy,Beto Sierra,58,PT,NA,NA
1lgtR3WlcFxEy6yPoOh0J2,Hozwal,58,PR,reggaeton flow,latin music
3tTvSeZiFDP3CY5EdPGcR4,ASHE 22,58,FR,drill francais,hip-hop
7ygNQCdpQWW7iSWAxDhvhI,DJ Alex,58,NL,cumbia 420,latin music
6ieK9Ddas29reReO60on3o,"Gotay ""El Autentiko""",58,PR,reggaeton,latin music
0nDYL7dp5xLG0IID5wQwel,Sped Up Songs + Nightcore,58,GB,sped up,sped up
5UN0rzL594mWY2RbOtZqIN,Ptazeta,58,ES,rap canario,hip-hop
1X9iZlQXfAAx4Vvmlqeao7,Negramaro,58,IT,italian adult pop,pop
4yTmEo2clwWq2jwelvqgVv,Fredo Bang,58,US,baton rouge rap,hip-hop
2PAyYzUdafG4mFFp6Rynsk,Raul Clyde,58,ES,NA,NA
5kfMU816qY0ujqEt3xIHqR,DT.Bilardo,58,MX,cumbia 420,latin music
4ZW7BptOWzjNFLEqRiNCT7,So La Lune,58,FR,cloud rap francais,hip-hop
2KLafS2cc489GVGuYm5aE2,Don Pero,58,JP,drill italiana,hip-hop
3J1MhhyXLJRNRZVrx11Lbf,Cyril Kamer,58,ES,drill espanol,hip-hop
4QSTyDpxsKmv3UfavVUImR,Darkoo,57,NG,afrobeats,edm
6lay1nwbE6hTx1jivysUAL,Princess Nokia,57,PR,alternative r&b,hip-hop
2Ns3GuAU2LYllDr7z20d0e,No Limit,57,DE,drill francais,hip-hop
4Tw0VaV1ENei24iQnktjXj,Alexio,57,PR,reggaeton flow,latin music
2yqTf1WKahF4ViLmvnX6Fy,Dan García,57,MX,cdmx indie,indie
1L9i6qZYIGQedgM9QLSyzb,Klingande,57,FR,deep house,edm
4krMq8pXkLVTGplpYgHlnV,Ronisia,57,FR,r&b francais,hip-hop
6e7knXUrhWcp85TTN6za9z,Tomy DJ,57,AR,previa,latin music
70W0ftdGNlFkgrqu5O0QiI,One-T,57,FR,NA,NA
1H1sDUWSlytzifZTDpKgUA,Belters Only,57,IE,charva,charva
6n45wsxj6sDedgwEyTza6d,Fafá de Belém,57,BR,axe,axe
6cNWiizYLCClZdnIvqU968,AriBeatz,57,DE,NA,NA
7yiq52SDJKenHVST8xGCuF,Alu Mix,57,DE,perreo,latin music
5lWasZeo8uWQk6GD8czJLq,Sen Senra,57,ES,urbano espanol,latin music
61O1t9W4rYDRcGF9DJUTJw,Zokush,57,FR,r&b francais,hip-hop
04vj3iPUiVh5melWr0w3xT,Christine and the Queens,57,FR,art pop,pop
54NKhABnyGAvbek0n63TAu,Aden Foyer,57,NO,NA,NA
2nnza2r2urV90Ykr5Sfnsi,FLEM KGB,57,FR,NA,NA
2eXWodjj5K1vVq2CSjl036,DobleP,57,ES,NA,NA
1HAO6fqdAGX5CiWxBvhiyv,Lolo OG,57,BE,NA,NA
23DYJsw4uSCguIqiTIDtcN,Southside,56,US,atl hip hop,hip-hop
1zVxAFV8uL5V816dzdHvYQ,Aaron Y Su Grupo Ilusion,56,MX,banda,latin music
3OoC54nEM3Xl7Kn5hsDdpg,Finesse2tymes,56,US,memphis hip hop,hip-hop
4ryoUS0W8qXokfMxrlJt6O,Skip Marley,56,JM,modern reggae,jamaican
2vPnS0IpayC2RVFuQA08R4,2KE,56,ES,gym phonk,gym phonk
6Mto9KouiQx7nE2ioqkNjS,Liran' Roll,56,MX,mexican rock,rock
0QpMp8Y7jFzwCt8OZjKQdd,Tunechikidd,56,CL,urbano chileno,latin music
4CuMwzDzEdlUJMEna38VQ0,Dark Polo Gang,56,IT,italian hip hop,hip-hop
6JFRI91YaCXREGQYzHSnUH,Jake La Furia,56,IT,italian hip hop,hip-hop
0HSGpDMeXaEmH5aUIHjnBF,Kiko Rivera,56,ES,electro bailando,electro bailando
144HzhpLjcR9k37w5Ico9B,Deborah de Luca,56,IT,electra,edm
1h0vYLWMAElSWYCjm6RBpe,Ikaz Boi,56,FR,french hip hop,hip-hop
26OmQHradZrF0CS7DrgWDH,Lewis Thompson,56,GB,pop dance,pop
0oW137oXCLwA5b4uYRxvIn,Daliwonga,56,ZA,amapiano,amapiano
5TgQ66WuWkoQ2xYxaSTnVP,Netsky,56,BE,belgian edm,edm
0cb0p26TbAeBeekZHfxWlS,Mentissa,56,BE,french pop,pop
6M6pyt8k3EjvbFo1pZFS75,El negro tecla,56,US,rkt,latin music
6Vh6UDWfu9PUSXSzAaB3CW,Example,56,GB,hip house,edm
12lHTAdc9T204lw5qPtasv,Foreign Teck,56,US,trap latino,latin music
3yGA8yyowtKVXgNIXguMfz,Lele Blade,56,IT,italian hip hop,hip-hop
6aiFCgyKNwF9Rv5TOxnE8E,IDK,55,US,pop rap,hip-hop
5RzT7CM6Ot0sh0EHefMicV,Maffio,55,DO,dominican pop,pop
2XGuDrQEuJXo3FfBQMeUn4,Kaio Viana,55,BR,speed up brasileiro,speed up brasileiro
0Z4Ir8usNVcAdCSQl0fQki,INJI,55,TR,NA,NA
6extd4B6hl8VTmnlhpl2bY,Huncho Jack,55,US,melodic rap,hip-hop
6r20qOqY7qDWI0PPTxVMlC,DJ Fresh,55,GB,dancefloor dnb,edm
1Pm6hTRjgSkT3B4FCQpW4g,Meekz,55,GB,manchester hip hop,hip-hop
46wEUZyujVrFSrdCnTKQmV,Marwa Loud,55,FR,french hip hop,hip-hop
057gc1fxmJ2vkctjQJ7Tal,The Buggles,55,GB,early synthpop,pop
1ssrFpfMmM0vRx85eO2XKL,Fresh La Douille,55,FR,french hip hop,hip-hop
6If57j6e3TXXk0HiLcIZca,Sevyn Streeter,55,US,hip pop,pop
7kyIBL1EYouLqC8vw7IOui,L'Algérino,55,FR,french hip hop,hip-hop
28UDeKu2FPrU0T7dpUiSGY,Dexta Daps,55,JM,dancehall,jamaican
7vNNmjV14SKQzlQAEg0BXP,Jean Dawson,55,US,indie hip hop,hip-hop
2KtMgfc6pR6Jpovuqrs8Ac,Adrian L Santos,55,MX,sad sierreno,sad sierreno
37S0GFsBW73uqxGXNFeADJ,Ghost Killer Track,55,FR,cloud rap francais,hip-hop
3b5bg1k6N9u31OtzSfK2dP,Dosseh,55,FR,french hip hop,hip-hop
2D8UzkIVdg1bj0Iqz6gjk0,Abhir Hathi,55,ES,urbano espanol,latin music
6yRnpibMV9phmk5aIiqhVk,Banda Renovacion,55,MX,banda,latin music
384MqcXCGGFh9UcjI5Tpc5,Eix,54,PR,reggaeton flow,latin music
0kmovylAP20DMJhS3BE2CO,Billy Gillies,54,GB,tech trance,tech trance
2sF5nNXnrrsCPZlt8ZpyGd,Rich Amiri,54,US,rage rap,hip-hop
4Ok1Cm5YX5StCQZgH0r2xF,PEEKABOO,54,GB,brostep,edm
7cYik4OyfBXYV5Z2TI7p90,Farina,54,CO,colombian pop,latin music
6EP96GaItADv1rNqR2oGIR,Hannah Boleyn,54,GB,NA,NA
6RWMnZmXs8Ob715qLr4374,Aissa,54,ES,urbano espanol,latin music
5iDqEobZRSTiBSAk6jLp4A,Oscu,54,AR,trap argentino,latin music
3Ces1OJeGOVGcUB0wPaPXJ,Mala Rodríguez,54,ES,latin hip hop,latin music
1eTRyiHsWMoWKPD6s4Kiqt,Lujipeka,54,FR,french hip hop,hip-hop
2tOGpIgNsnDk6BxqFU2vCX,Il Ghost,54,IT,drill italiana,hip-hop
6xCiFhON3LPyvwIGvAGnwp,Profugos De Nuevo Leon,54,MX,tex-mex,country
6Fz1LTRJ7RAuUf1CRSN3dU,Gabo El Chamaquito,54,CL,mambo chileno,latin music
4b3DUSYA69Wfn0AmgD0Zaj,Montana99,54,US,sped up,sped up
79QUtAVxGAAoiWNlqBz9iy,Leigh-Anne,54,GB,NA,NA
17XxPdvl2MD39MnT9zhNjU,Samuel Hernández,54,PR,italian hip hop,hip-hop
6DnQYUjtYusK9QJts9HqSC,Skepsis,54,CA,bass house,edm
6q3p11nP1p80Ey6LrOOSed,Hit-Boy,54,US,drumless hip hop,hip-hop
0PcU18DNfkn3pmbjy5yMFz,Genezio,54,FR,r&b francais,hip-hop
0b9ukmbg0MO5eMlorcgOwz,Mr. Oizo,54,FR,filter house,edm
1HhXce8PpMmaKjBIWzAxWc,S-Crew,54,FR,french hip hop,hip-hop
0AdjzZxHJ4MfbImx2rD0Df,Pj Sin Suela,54,PR,puerto rican rock,latin music
7B1LLuCQk13H4Mb6CFBftU,The Martinez Brothers,54,US,deep disco house,edm
1tuNNda2SSH3o4lUms5K6C,Sebastian Esquivel,53,MX,corrido,latin music
7CSpCpNGTK9589bTi44SzE,BANDIDO,53,AR,concurso de talentos argentino,latin music
1qoJTYkRvsRJMTOxnUnpNW,Papichamp,53,AR,cumbia pop,latin music
1Z25ZlGHqqlr3o1UGQOfNn,JNR CHOI,53,GB,gambian hip hop,hip-hop
1GuqTQbuixFHD6eBkFwVcb,Sammy Virji,53,GB,bass house,edm
6LXRvV2OAtXF7685fzh3mj,Rowdy Rebel,53,US,nyc rap,hip-hop
5AS4y4rlmbUYDCdg35qmI9,paopao,53,PR,trap latino,latin music
0z2TqgHJgpKgAuArw50eiq,David Ornelas,53,MX,corrido,latin music
6ESkuwldylZr39AIAPC63J,Alejandro Lerner,53,AR,NA,NA
2V5xArcB3BGAHmwsK46tyU,Vladimir Cauchemar,53,FR,NA,NA
6y9D9asiDbnfHSZETC6pkZ,Kaneki,53,FR,rap francais,hip-hop
4yLgYK2B5nZjZMBiaLyLyK,Doums,53,FR,french hip hop,hip-hop
4dhKkIzf9LXogFL1NXfQc1,Kapla y Miky,53,CO,reggaeton colombiano,latin music
26OG4ryQ7oFAbUNAvYCOgn,Vale Lambo,53,IT,italian hip hop,hip-hop
5H9EtsRc980WZMj0m0nwqa,NAZAKEBLACK,53,FR,NA,NA
4ucIxjoWFS3n9KvguhTWpz,TrippyThaKid,53,US,dark trap,hip-hop
6tCJN1fQNdFCEaOa8Da9Wf,JADED,53,GB,uk dance,edm
3NbqBIc16CNAe5nYSmHR3p,JAE5,53,NG,afrobeats,edm
54dqxLAclwu0QSaTwCyCaF,Neffa,53,IT,italian adult pop,pop
4VlxI0WKDh7HFgHjXcfj6v,Kelvin Momo,53,ZA,amapiano,amapiano
202HZzqKvPsMHcbwnDZx7u,Dorian Electra,53,US,escape room,escape room
1rz8BeoVHWRTcj2253dM85,Shaunmusiq,53,ZA,barcadi,barcadi
1HcAkAeL4xf02wzAnl7mIV,Michaël Brun,53,HT,raboday,raboday
4SgKWjM7cJDCh2aY9H4HZf,Marka Akme,53,BE,cumbia pop,latin music
4Yjh4PZFED9Z5OJmqRPOOP,Ramon Vega,52,ES,r&b en espanol,hip-hop
6jz0DkcaOtGlaNOA67rzIU,Sound De Barrio,52,MX,cumbia pop,latin music
2qmA5QmaGZH3ky4qq25d1m,Agus Padilla,52,UY,cumbia pop,latin music
6SZQlj3zcSmJk5uBaMiwGM,Jotapê,52,BR,NA,NA
6iSZjc4kOoKZKiBXK5HbwD,El Chombo,52,PA,panamanian pop,pop
0zO8yNnw5GQgutcIyXfGBY,ELENA ROSE,52,ES,r&b en espanol,hip-hop
4CuipEvwcoQggmCV8jpKF9,Michael Calfan,52,NL,dutch house,edm
2kLa7JZu4Ijdz1Gle2khZh,TSHA,52,GB,uk house,edm
0bxHci3JIhhKA53n8rH3tT,High Contrast,52,GB,drum and bass,drum and bass
3WrMBQYO99lzSOhYGPiVoQ,Don Joe,52,IT,italian hip hop,hip-hop
19SmlbABtI4bXz864MLqOS,Carl Cox,52,GB,house,edm
4b3MWJACM6T1QwGKoFe7pp,Vegas Jones,52,IT,italian hip hop,hip-hop
5zfEatKLDdRkgbw6sdLBAQ,Octavian,52,GB,afroswing,hip-hop
4qYpTEJThZ8FC8KzyFrSWW,Boj,52,NG,afrobeats,edm
3gX7V7VCwOBz90t62hQHMw,Axelle Red,52,BE,belgian indie,indie
0wnYgCeP013HkKoOyC5V32,Allie X,52,US,alt z,alt z
6CQGrt3AJ2gx5oMSR0mwbl,1K Phew,52,US,christian hip hop,hip-hop
7fL1kRUb9Zv1xxgOmsuUPn,Moncho Chavea,52,ES,flamenco urbano,flamenco urbano
4QmDIEVrROsBAad02Mlc1p,Estani,52,AR,trap argentino,latin music
6Itjwvv5YmsC8ZcI5N4Jux,Sael,52,AR,urbano latino,latin music
27Yc5RzJf27tJfqezJnHY1,Agapornis,52,AR,cumbia pop,latin music
3WG2Qwav9SV56V57SFe92i,Ivan Orozco,52,BR,corrido,latin music
3rvluTyk2vmAj3dN1b0bw8,Angel Ureta,52,ES,NA,NA
6Ja6zFB5d7XRihhfMo6KzY,Jozzy,51,US,NA,NA
3kZdsaTYgaaolNxpnJ4iDe,Son Lux,51,US,abstract hip hop,hip-hop
5VNMclLseLzRnVhvkrqdpn,Loski,51,GB,uk drill,hip-hop
1d9KyLzLJGWNVuWjNH4WmY,Yerai R,51,ES,corrido,latin music
6o4HwHVQqXnSxpHxII3KJw,Escomar,51,IT,NA,NA
1yI0tX9OnfOx9siPj8KNOO,Ralfy the Plug,51,US,cali rap,hip-hop
6fxEt6A7hRd7Iq4FnwSxVb,Potencia Lirical,51,DO,dembow dominicano,latin music
7Bb4i0RT3zaudzb8KvxTUQ,Amarion,51,PR,reggaeton flow,latin music
2BNVHk103mhpIy5ytlCHTT,Peppe Soks,51,IT,italian hip hop,hip-hop
2T86EVnDCP64EaVKRXIcRx,Guz,51,CH,tech house,edm
2cMVIRpseAO7fJAxNfg6rD,CHASE B,51,US,trap,hip-hop
2FcgwIGEPmPyItFPscscDO,Vluestar,51,IT,lo-fi chill,lo-fi chill
08ppjXEpROUgrG1X0DEquB,Nerissima Serpe,51,IT,italian hip hop,hip-hop
5RopQXy9tobYADC0GZyLVb,elaggume,51,AR,urban rap,hip-hop
2Hxu0Wmd7FUm0euCVInVrN,Roze Oficial,51,JP,NA,NA
2tjnvrUmP46XNjFh9V0NGc,Alpha Wolf,51,FR,australian post-hardcore,australian post-hardcore
5e7jC00VGhxRpK5f9ahXhX,Roshini JKV,51,IN,tamil pop,pop
1mMUzAMrNqoTHgtxA0dZi6,Caballero & JeanJass,51,BE,belgian hip hop,hip-hop
1YWJ1WjMkBCB1X3QOJ1Wdn,Cast of High School Musical: The Musical: The Series,51,US,movie tunes,movie tunes
7HSeegdmjLYRJpkOYIaZIW,El Reja,51,UY,cumbia pop,latin music
2HPiMwJktBXqakN0hnON2R,Lous and The Yakuza,51,BE,belgian pop,pop
48nBjHQMSKiboD7Z4fjZLi,R Jota,50,AR,previa,latin music
6p9BBRwixGcXxZ1gdcqmpd,Basty Corvalan,50,CL,urbano chileno,latin music
1U0sIzpRtDkvu1hXXzxh60,Kelela,50,US,afrofuturism,edm
4f8vvLN5Rt3WszqOqVR9e9,Johnny Drille,50,NG,afrobeats,edm
6RuutbNl5ny8LAf1uSK3fS,CEO Trayle,50,US,NA,NA
0JTyCMDiDRxnkcDYhcB93D,8blevrai,50,IT,NA,NA
79GARbspzW3V7Kb07hTLoY,Madeline The Person,50,US,gen z singer-songwriter,gen z singer-songwriter
2qL9AGTy8Mr016YBC0dvGV,Fresh Water Sounds,50,GB,environmental,environmental
1WDkNp8Duv9QhO246S4dDa,Bramsito,50,FR,french hip hop,hip-hop
4ZPLdCBeYJBAjsLTWRcZEs,Emkal,50,FR,r&b francais,hip-hop
6RGri3BX7P64gUBuf6uU7p,Después de la fiesta,50,AR,trap argentino,latin music
5Oc4knEQaid8K7AFqO5lHu,Selah Sue,50,BE,belgian pop,pop
5Pb066owdc1LPXDf6Xs8Rm,Kevin Ortiz,50,MX,banda,latin music
1ts2oIXKCpWSRFnR78bulp,Anselmo Ralph,50,AO,kizomba,kizomba
1Mtd57xUzIfeCexQtWRvgr,Rousseau,50,DE,NA,NA
1DqxHZcNsyQouEIgARx6Zx,Sixpm,50,IT,italian hip hop,hip-hop
1rpxM2mBJnWdfPeieLDYOc,ZEG P,50,FR,NA,NA
267VY6GX5LyU5c9M85ECZQ,Dinosaur Jr.,50,US,alternative rock,rock
3sC3sCpqSYClSdKez9Rs6k,Giaime,50,IT,italian hip hop,hip-hop
3ZUn6LYxdmmPYQqBhFWI3h,Iyanya,50,NG,afrobeats,edm
6P4uOSrdyHqsyLDVcBYUry,El Potro Alvarez,50,VE,NA,NA
3D8uKbNS9NX6q57gX9b08V,Asana Ventus,50,AR,white noise,white noise
0gGcw3tA1fZoF23qa8KFb7,Bolémvn,50,FR,french hip hop,hip-hop
0Q9slhIaEgg190iG8udYIV,Philip George,50,GB,house,edm
7zY0DMisq1oYXvNNgGwHBY,Juanfran,50,ES,pop reggaeton,latin music
1jsB2W4c9zTq9ilGXegrDM,Chris Wandell,50,PR,reggaeton flow,latin music
4FoMtKClFtTNsfQN7ivDII,Luister La Voz,50,US,champeta,champeta
2KtMll7bpqySnZhr8wriRE,CDobleta,49,PR,trap latino,latin music
3eBlbhY21Q1L6xwbVMCQa1,Mikush,49,IT,drill italiana,hip-hop
3PLAEPWuSBleFWWkI4oOyr,Mahmood Khan,49,IT,NA,NA
2PkjYgKhHI4qofYoxWB9ZP,Axel Caram,49,BR,cumbia 420,latin music
59rqdbDiB9oXuZggah1syh,Bello Figo,49,IT,italian hip hop,hip-hop
6lh7vDO9GPAbyQ7PhT2a80,winnterzuko,49,FR,hyperpop francais,pop
30HlKUFTsqlFQsPfyv2yuM,Danny Romero,49,ES,electro bailando,electro bailando
1wgxD20A755DF21xNi4OiX,Un Titico,49,CA,cubaton,cubaton
7K5OqI5GnphpZMfIRs2UsI,Mar Lucas,49,MX,urbano mexicano,latin music
3SzmIPVTtVc0AzbR8kwk0w,Matteo Bocelli,49,IT,NA,NA
2lcWprkQW6ehqKep82rWnC,Moffa,49,PR,urbano latino,latin music
1Mw40k757jZuiL0NIJpdO5,GULEED,49,SE,swedish drill,hip-hop
3uTKNyY4f6vNaedgmLZcHc,J2LASTEU,49,FR,NA,NA
10puYSSj5YS2rMO7euRJ85,Slkrack,49,FR,drill francais,hip-hop
7sK4hnuUOXw6VStDw0q8NI,Hannah Wants,49,GB,house,edm
2m43lP1Wo0IPyxVG4ofE33,167 Gang,49,IT,trap italiana,hip-hop
2tU377oBzcCBbRNeVve8FC,Go Golden Junk,49,JP,trap mexicano,hip-hop
2iCcqtXpDIFCLn1DnvUGQR,Eduardo Soto,49,MX,corrido,latin music
0hlv0auaYL5p7H0M27Gtrg,Nahuel The Coach,49,AR,NA,NA
7bWN0FHvLppK8ozEH6exdi,M2H,48,PE,peruvian hip hop,hip-hop
6OcVa1v58BotEENN2biu1M,Tiiwtiiw,48,MO,moroccan pop,pop
7DgpPXntG6DkNR4hCi4PjP,Chesca,48,PR,urbano latino,latin music
0dqT9B1Xej71qvAo8uE4Uh,Sahir,48,PR,trap boricua,hip-hop
6MFopqejpmTUUZlcRmGzgg,Todd Edwards,48,US,garage house,edm
7zJL978NtANOysfGY21ty6,Ghetts,48,GB,grime,grime
4ZTqTkO2kj1doQrbqQ5KEe,Marioo,48,PL,tanzanian pop,pop
6fOcj0NbaZF1GNiI5XnPEr,Dj Plaga,48,AR,previa,latin music
13vG0GT7MZ2WwVVDEgGhvq,Vianney Lopez,48,FR,NA,NA
3qhkjSaDQrlZVAg0hvVYfh,That Chick Angel,48,US, hip hop,hip-hop
7dhDLHILqhHlgn0hPn8rOZ,Dj Youcef,48,FR,moroccan pop,pop
0BHo5QBLAjH32hoe4xHGYq,Elilluminari,48,ES,dembow dominicano,latin music
6UhGN5pVzgbBYjpqkxKM5F,lil joujou,48,PR,trap latino,latin music
7w1eTNePApzDk8XtgykCPS,Malaa,48,FR,bass house,edm
3l4qjCL1496zAgprejycLi,Ezequiel Llanos,47,AR,NA,NA
5q3atpVIFpXkHlcOKyK0H4,Siloé,47,ES,spanish indie pop,indie
3KeiJ1oVHnSpj8O2Qwp3r2,Rodrii Ortiz,47,AR,NA,NA
5vqMF43W0Sex6zjJJKv7LC,MCVERTT,47,US,NA,NA
2PFG7Z9o7dUTCCVAuzZYJS,Grupo Play,47,AR,cuarteto,cuarteto
5A7u47fziMdcEMunHjT8Kf,MALTY 2BZ,47,FR,rap francais,hip-hop
6utxF8SRvXv8eshN0HzsCt,Los Del Sombrero,47,MX,corrido,latin music
7rylbiZO3rabYvIKu4Kcg0,MINUR,47,BD,trap italiana,hip-hop
25sEsKigQHbVsvBLUti2bD,Kaziboii,47,FR,NA,NA
3VGOer5eApPF1qsyYXlMFT,Pablito HC,47,MX,NA,NA
7Kh6SBEGtFtqjYo5bN0ACG,Young Martino,47,PR,reggaeton flow,latin music
2XpsF0ZQfBV08auUoRnNJE,Liim’s,47,FR,french hip hop,hip-hop
2mddrRrlMf3ykcKyh1jlSs,Sixto Yegros,47,AR,NA,NA
1FxsUemFullSXJpySUsT0J,JC el Diamante,47,ES,flamenco urbano,flamenco urbano
1LViN9Xsu9YIMN6IZJk8Bp,El High,47,CO,NA,NA
3T0HSMgUpuH1hXbT1JPwQF,Redondo,47,NL,house,edm
53cVnpkm8dTmf20tssYSNF,Shadow Blow,47,DO,dembow,latin music
0DupYCzJV3DYvyPKpDzNAU,JJ Araujo,47,MX,NA,NA
4PdggFNYwGfjRfkdG5OfES,#TocoParaVos,46,UY,cumbia pop,latin music
2V10Oq2sAheIVDSeW9QyFN,Delgao,46,ES,rap espanol,hip-hop
0TgZuVgRBjg6iLkZafbfmr,FooR,46,GB,bass house,edm
0q8eApZJs5WDBxayY9769C,Jeshi,46,GB,uk alternative hip hop,hip-hop
2HLr9NzCqd6XRnpUSM6CvH,Yumbs,46,ZA,amapiano,amapiano
3qcl8ck0RTpenPbFmZa2p5,Genio,46,PR,reggaeton flow,latin music
2H3EMYFS69dhMmrX9JTkZp,Apollo LTD,46,US,ccm,ccm
6bxjoq64Y0HTfMc4GIbpyJ,vf7,46,PR,rap romantico,hip-hop
52bjb93yzh8uzbJkO94zft,Abroad,46,AU,australian dance,edm
2EyZ2vRJWwVCAtR2VrL4Ju,PACOREMIX,46,MX,NA,NA
7u5GwJI2qzR8MUhA6JlAQf,La Revancha RC,46,MX,corrido,latin music
0W7yEx7tCUH0FGMHB3DUL8,Rasty Kilo,46,IT,italian hip hop,hip-hop
4S19VrKiaA2usxsnqr5kA8,Rimkus,46,FR,NA,NA
237CwiTh0USBnyLOSC3FIW,Ex-Otago,46,IT,indie liguria,indie
5Yw8a4EYuA31E9paXwA50w,CANCUN?,46,SE,scandipop,pop
5PPCkoOKabpGGhqrUwSikz,Kimya Dawson,46,US,anti-folk,anti-folk
6J5DvhqOWQlM4RcdzePXEZ,Tutto Durán,46,ES,spanish pop,pop
4twMBjUEs3uYOoY4ywzJAZ,Rodrigo Films,46,JP,dembow dominicano,latin music
3GNq6JwYWh8B2xujy6ub04,Gemello,46,IT,italian hip hop,hip-hop
5k63RPpkbbyVuufLXS2GTe,Delarue,45,ES,drill espanol,hip-hop
3cZJHTVp8rVUYNib5vDv68,SALOMON SESSIONS,45,FI,NA,NA
2hL1EouqXLtBEB6JKnPF0h,Aly & Fila,45,EG,progressive house,edm
1RSKoT6hnzaLjvL0LCF0ew,DJ Quicksilver,45,TR,bubble trance,bubble trance
1OeYjH80o59axC1PYRV97m,Serum,45,GB,bass house,edm
54seKvtsZauR1iauN0ptpo,De La Rose,45,PR,NA,NA
6CecCbMlZKpr8sovW5ucq1,Prinzly,45,BE,NA,NA
0UeKDbiaApyP7qKfcmGN03,Lesram,45,FR,french hip hop,hip-hop
06EfEcjc0vdvI6VNL0soIO,Rameses B,45,GB,chillstep,edm
3bnpcWBcvlfq4hPFJjNPbz,SAFE,45,US,canadian hip hop,hip-hop
3DKrRxq6WNjqIxwENVSepm,Monroe Hershey,45,US,NA,NA
0RENwV6Phsp2y8nnFJ54UC,Tredici Pietro,45,IT,italian hip hop,hip-hop
7J0hrNYCO5DgAx0XaRJqkh,Yung Kayo,45,US,rage rap,hip-hop
3KdCAZSWpRrPO0GTPnzsYV,Karbeats,45,PR,urbano latino,latin music
2lkP8239tkwRjg5N7d2D0w,Frenetik&Orang3,45,IT,italian hip hop,hip-hop
73SpjqbRsmNwFhRvNUd2r9,El Nikko DJ,44,UY,cumbia 420,latin music
029uS2pMvwk0TsIUTHkyyw,Amaro,44,PR,reggaeton flow,latin music
1Hg2H3Z46P8lXECM8DYSpU,SEVEN 7oo,44,IT,drill italiana,hip-hop
1r29dFdSenwksTQdkH7r6I,lil Shordie Scott,44,US,viral rap,hip-hop
3mvje4iLJHQX3Wr757PSmf,KvndySwing,44,ES,NA,NA
61y0Qj5xUcKnbHYxuaqSRP,Myth Syzer,44,FR,rap calme,hip-hop
0g3UV4KTsBXySBgxKtNUFG,YARA,44,VE,NA,NA
5WzFz4sQSN1HgSZLmIgHBl,PBH & JACK,44,UK,future house,edm
6lqmbDjxe5rhvXIyfNl23o,Harley Poe,44,US,acoustic punk,acoustic punk
45fFrwMq6sPP5P4k1qqFi7,James Grant,44,GB,progressive house,edm
6H2JQ8igAAa5UBr2u496mb,John O'Callaghan,44,IE,progressive house,edm
23lSt7fpRRjjprw8HAUrUh,tarikxd,44,TR,speed up turkce,speed up turkce
0fwGtEcJ4v3H0btcbM0KWc,Richie Loop,44,JM,basshall,edm
0n5zpFOM2xi6mg5pxjfdSV,Macey Clark,44,IT,instrumental lullaby,instrumental lullaby
2C6aTaybjOqqtdTxKx8xTX,"Mario ""El Cachorro"" Delgado",44,MX,corrido,latin music
3F2Y683ovlWT53WKCeq0oj,Goodie Mob,44,US,atl hip hop,hip-hop
6SHszElyg65TSgaP3YsAZ5,Gonzalo Nawel,44,FR,cumbia 420,latin music
12WCXE6DlRcCn2rEShNepL,Simon Franglen,44,US,british soundtrack,british soundtrack
3L3OkLK1GPNoYh649m3nh7,DJ Saot ST,44,ES,NA,NA
4Wk0MW9d5uu6WbAgRCuH4O,Bajofondo,44,UY,neotango,neotango
2j93xBBtZnS9YJGJUcWHwg,Stavo,44,FR,pop urbaine,pop
1sl3gVNz3Nxd4poA8f76sl,HoneyLuv,44,GB,tech house,edm
2ci4Or1nFI30YCiRS2YXV8,Raplume,43,FR,cloud rap francais,hip-hop
33eHQlFrBesRCBTaieDr7z,Los Intocables Del Norte,43,MX,classic sierreno,classic sierreno
604A4NoZD6dhL4VPfv2wB5,O.B.F,43,CH,dub reggae,jamaican
1xisiVS2nbjTnRsjDTkZU8,Luis Cordoba Remix,43,GB,previa,latin music
2ZMnWI3oIHyj7MyuZ99gvu,Super Sako,43,AM,armenian hip hop,hip-hop
30fnIb0InCgAp2IPY17nqd,RRARI DAL TACCO,43,IT,NA,NA
0YE17nrGKTk37bcKpKVUvi,Uk Apache,43,GB,ragga jungle,jamaican
4LLrhUqUv2Mi1NhHz0pjXd,Le Motel,43,BE,belgian pop,pop
4nD4jJ7anYuvuMtM8Wrspz,Lautaro Lopez,43,AR,trap argentino,latin music
7aqaIr9F3tHP7BMsmfAL8Z,El Turko,43,AR,NA,NA
4LnMIW4aNwegikxZkUN4ir,Rokero,43,CL,trap chileno,latin music
2X4cb88h2PMei4qHHi8i2B,Chroniques de Mars 3,43,BE,NA,NA
7mcJN2bWqCv7jvykgHp4KN,La Nueva Escuela,42,DO,dembow,latin music
2S3cfp7M76ak6vFBIGEfhe,Neves17,42,IT,rap napoletano,hip-hop
60LfX8q7jliswygVxBPIL4,Rita Wilson,42,US,NA,NA
4eeRviM714mXXeILmKHxh2,Climax Blues Band,42,GB,british blues,blues/jazz
4PVHdWG0LtOCDDXo3Vh2yW,Robby East,42,NL,dutch edm,edm
4hadtPX6kKntrnA87Zdy01,Scott Storch,42,US,NA,NA
4e6pQ61gYReORJoXcrQH1Z,Alix Perez,42,BE,belgian edm,edm
1uaiSMIzlh2Y6Fx4bC1c6s,Los G4,42,PR,reggaeton flow,latin music
1dsDes6AhaezAMdHIEQbAr,PUSH & GIO,42,BE,NA,NA
4XU5f8nGiPMr6eetud6epC,Nitro Fun,42,IT,gaming edm,edm
4Lc100wJvtsyzNuPICliGy,Prince Waly,42,FR,french hip hop,hip-hop
6AGdwtcgVgS9ecOpNfZCed,Dvice,42,PR,reggaeton flow,latin music
2MXDat5eYxVcnHht0N2uSF,Club16,41,PR,urbano latino,latin music
63hFhXYW3r2q8uW2Rf3LUw,H Magnum,41,FR,pop urbaine,pop
0repuWOrxA3wK6vdP99hoZ,Shab,41,US,NA,NA
2T0HIl9gOfBS7Z2GgNu7c3,Blackinny,41,PR,trap latino,latin music
6vYIofTPb6utQIovHOFyG3,LE RISQUE,41,FR,rap francais,hip-hop
5yD3wtXDmbOloiFzO3km1M,LUNA KI,41,ES,urbano espanol,latin music
1KkjdXDKJ6w8p2XAtTJ5Sn,IzyBeats,41,PR,NA,NA
2sHOxFG2CONssMUkFac1BW,Madame Macabre,41,CA,otacore,otacore
5PVCzkHVhVLRLadPdJUdXB,18K,41,FR,NA,NA
3AP96neoRZgep3w7wvhubP,Marconi Impara,41,PR,reggaeton flow,latin music
14LqX7WKEinOwg1VZcM1xE,Letan,41,UY,rkt,latin music
0VbfTzGkMlei0XtibnO466,USKY,41,FR,cloud rap francais,hip-hop
74v95iW9MSTppigeI0g5Fi,Mkz03,41,FR,NA,NA
3EguGZpwO69eFcoNj0vqW4,HD La Relève,41,BE,rap belge,hip-hop
2VD5PP13OpMEyul7NfnLa2,Danoa,41,ES,NA,NA
45icwBBgjnEtg9ETR1Nipx,Emma'a,41,FR,NA,NA
01jNItBah2GLuwXQS3LO97,Ketan Patwardhan,41,DE,mantra,mantra
6POMCYQE1sq1BJ8FnAvTA8,Nessly,41,US,melodic rap,hip-hop
1mfiClklwHVNZySnN2K1Ai,Yung Pooda,41,US,hip hop,hip-hop
5pRlKxATEYXaSwYkFbkmMm,ARIA,40,JP,g-house,edm
2WZW6Gsj5R7JlRNFikJvPE,Juanjo Morgade,40,UY,plena uruguaya,plena uruguaya
2ZvIFwl0BuQgHqWvDE80hC,Kobosil,40,DE,industrial techno,edm
6KhtkRzbD5IKjYOlHanIjS,Blackthoven,40,ES,urbano espanol,latin music
2mGQZqxcJJOHMYhU8c7l4B,DJ Big N,40,NG,afrobeats,edm
4o3YJfgarCUSVyPH5HKRA5,Marlku,40,AR,trap argentino,latin music
3DnH9jotIhBLs9xikHAp54,Clave 520,40,MX,corrido,latin music
3QJjzLwRMgdGoFwzmVodxJ,L'Elfo,40,IT,italian hip hop,hip-hop
59D1PT94ywzBggaLufM7ki,Kamil Ghaouti,40,MO,NA,NA
78EI36rEoD1ZiOHSgYroWP,Zola Davis,40,FR,NA,NA
6LZb59nnEPKhNNCI5hOca5,Georgiou Music,40,FR,NA,NA
2TtebnfWKMq7LCi2A9BlU4,Anna Tatangelo,40,IT,italian adult pop,pop
3ZB5y8rqT7Cm0uHmkR4ovu,DaniMflow,40,ES,flamenco urbano,flamenco urbano
3gVs02kUSkMOkErgzttj7T,Fudasca,40,IT,sad lo-fi,sad lo-fi
3bz89tGLK59YTBYV8577IR,E.C.V,40,AR,NA,NA
0txgDz2yNToARuN2vD7SWD,Raedio,40,US,r&b,hip-hop
2DywQB5g7Vvlnu4qvNmdiu,Shishigang Records,40,JP,NA,NA
3Zan5Poez2lZsuz9xXJfvn,Yabel,40,CL,urbano chileno,latin music
4jJXnnMCODl8ds7bgmHgUP,Baby Rich,39,US,alabama rap,hip-hop
6xLvSuN3p2uD8IorXxYmHg,ELYSANIJ,39,PR,puerto rican pop,latin music
2f0j8IhXgOli2Ub2amAiUZ,Midnvght,39,PR,NA,NA
4VNRWgZyB5AiSw4jlGDVLy,Conexión Divina,39,MX,sad sierreno,sad sierreno
1sNV30IxwL2qIKcZgx7fvj,Jr Stit,39,IT,NA,NA
3PMboJy3bSw6eV1Qv0FhSz,INDICA MIKI,39,FI,NA,NA
3CLzGEm4DCOh5ouaMm6mZs,El Villanord,39,AR,NA,NA
39e9M8JyGYz1NzelCM8uHG,Xavi The Destroyer,39,PR,reggaeton flow,latin music
03ZdbEBsbFHG3uJC6gYiOY,Sam Greenfield,39,GB,NA,NA
6eOVzayMT2EKOMAawR01tV,DJ Bens,39,FR,NA,NA
2z8dSH4TMRViQh4QjqrDYv,MC Buzzz,39,ES,urbano espanol,latin music
5xl2nCrZ8cOYMcXWGhfCBP,Danilo Montana,39,MX,NA,NA
033ki1tu7MbVUn1nhuD2yV,Juan Solo,39,ES,mexican pop,pop
72auy9NefUbGecYVrTiPzq,Ruggero Leoncavallo,39,IT,italian opera,opera
5OeY6e62St2Nubj9hbfuIb,Bilton,39,FR,NA,NA
3I2KQWCAh5aOh1YJ62LIlQ,Chuki Beats,38,BE,beats,beats
6udpKGzl85NuBEkZqOXiYB,Zoda,38,JP,italian hip hop,hip-hop
2qMUSKJxNaBsISPyYretDo,Jhosy,38,CO,colombian pop,latin music
2NXFKDjgSuIyiUUH2PEVHG,91 All Stars,38,FR,rap francais,hip-hop
2sp0CxickfFJun08JtXgiA,Diel Paris,38,AR,previa,latin music
3xNTd2WI8RhL0E3ep7Pl0y,Keuchei,38,FR,rap francais,hip-hop
2OHDHtDUjiP1K0rUXDC3vm,Andre TG,38,GB,reggaeton flow,latin music
3069G1J62ioGObj518Umm2,Sustance,38,GB,deep dnb,deep dnb
1qlaFNonwDsPxqSQZX2jub,Roldan Emi,38,AR,NA,NA
5dx9aSpPXXCtmaDltSSAy6,el 3askar,38,US,NA,NA
7lQ0RJHYziDXtTeu9Ef8Wm,DimeWest,38,US, reggaeton,latin music
4tmsSGhsR7ovyg478pebXh,Dj Scuff,38,DO,dembow,latin music
4hzO4p4VzL72ZFXF0YFYBn,REDVOLUTION,38,PR,NA,NA
3BaNymWUlGvGOXKRJmySoG,El Osito Wito,38,AR,rkt,latin music
29rvPhemBdOLYdLr2xI8dr,Six Sex,38,PR,neoperreo,latin music
2ZCkSpm5VDWVqcO0DZJ7mu,El Shaaki,38,CL,dancehall chileno,latin music
1IgVVWaJUmYNxAWpN1nmnr,D STURDY,38,US,jersey club,jersey club
6U1nvY2YuhmVZ96Af8K6qb,Panchito Records,38,MX,rkt,latin music
6QQSZZB94LcSTNd1hrTw5z,Rvzmo,38,FR,drill francais,hip-hop
3nwR4VLMMXwZ6vC4ea5wFo,ExQ,37,ZA,zim hip hop,hip-hop
7IoJwev1Iea2sTIB7nBcDg,Beatriz Sanchez,37,ES,NA,NA
1aUONiXJSDGrLz7E4x1eEW,Homebodi,37,GB,lofi hip hop,hip-hop
6oW4zCSDSA4RTCwFpatN3k,Riotron,37,CA,NA,NA
4D6KpZSbhJCAeEdnyAXhRr,Fer Palacio Records,37,PL,cumbia pop,latin music
5n73VcgD8TKQvtG7gOSjjv,Uzi Lvke,37,DE,pop virale italiano,pop
7gq41QBlN40T3GDQ0wEbYS,BlakeIANA,37,US,pluggnb,pluggnb
4QE3ZjcqH5AIJ3o2tTzDXP,R-Mean,37,AM,armenian hip hop,hip-hop
4ma9HJkRMW53TV4aRQy6Mn,Dominator,37,GB,jump up,jump up
7dinImt4nrJSPBD7Q5LDPC,Lynda Carter,36,US,NA,NA
4H9nlRIz8akpjJurwlFf6i,3STRANGE,36,GB,electro,electro
2a3t7z8U1cpR0PEq1WB68d,Diamante Ayala,36,AR,trap argentino,latin music
5OQnHEOqzAEJyDWwmrpGr4,Du Nord au Sud,36,FR,NA,NA
6jPnjdXijpUoqWR4YTWDo3,Metalingüística,36,CL,bases de freestyle,bases de freestyle
4wL3ZswVcMUC6iNcvWklfO,Bundog,36,CA,toronto rap,hip-hop
7gPZtpMaLi5zBkroBdl6Su,Nelly Nelz,36,CL,drill chileno,latin music
0bfU48sSFFAhlaKCL05dTG,Tiffany Haddish,36,US,comedienne,comedienne
0vN342SOFAsCVGGZwLU9AF,Gian Varela,35,PA,big room,big room
5NX9cIWJ0YF8qUugwmiacs,Derek Santana,35,US,NA,NA
5SnxvQmYVN1duOHPQpequL,CSHALOM,35,IL,rap cristiano,hip-hop
1etnyde2WY88gYflxPABE2,Yago Roche,35,ES,NA,NA
1hAEiB06cyEmWTSyt1BFkp,Lola Audreys,35,ZA,NA,NA
6R0LlvMD1ig3Hplf2IyhRf,muun,35,US,NA,NA
3FQmk40XXoExWndDiA28I7,Frisco Kid,34,GB,dancehall,jamaican
69yVEiGKjokl3qx25AbBPs,Ol Kainry,34,FR,french hip hop,hip-hop
2JpHk8yju1DH1l3c9sXzOS,Dismemberment Plan,34,US,emo,emo
2YWcCTBHHea2yUzM71Kwz1,Venant Delacapitale,34,LU,NA,NA
6bOZtDVI19rOqC4NWihcea,Los Pikantes,34,US,plena uruguaya,plena uruguaya
5xXSrTidFvVRJmiam2Zh1o,GENER8ION,34,FR,escape room,escape room
1BfR4gQyjlhLAssULX0wDr,Valeria Gau,34,UY,cumbia pop,latin music
7BO3t7j5tGn3OISCrYgLnJ,Binks Beatz,34,BE,belgian hip hop,hip-hop
4bAfAX9Zg9XdMKREfURqaw,Mello Buckzz,34,US,NA,NA
5zGQpHat8fF2MCNkXQ93AX,NachoMix,33,AR,previa,latin music
3Jk1Qjo5P7yOQIBVkqUzet,Beatrice Quinta,33,GB,NA,NA
2B1WDQaYQOXpRi5TH1rUCk,Kristina Helene,33,CA,NA,NA
381af2dPNH2eHT4fRWLGwY,Einar Weez,33,MX,NA,NA
4zllvElH16KlgTqRstwYIb,Sneijder,33,GB,progressive house,edm
17acmoMCDxCeLPYv4T5sV1,Tony De Vit,33,GB,hard house,edm
1kGMaFXRovFOZJqxbVdnHq,Courage,33,US,NA,NA
35DTcB1iUsRZKcmTn9PVPg,STANY,33,US, hip hop,hip-hop
5RxLAt9nYq8Ww3Bg5kmXOn,Canals,32,ES,plugg en espanol,plugg en espanol
4n9g9O44xmv7k4ET9NLvds,YUNG POOR ALO,32,FR,rap francais nouvelle vague,hip-hop
4WSOtiDdjEIvAAK6HqvdUg,Vivi K,32,BE,NA,NA
7qNTiLJpuCUFJ8G7Jf5fzP,R Climent,32,ES,NA,NA
2jg1MyFUxojR6GG4wfByU3,FNF Chop,32,US,rva drill,hip-hop
0n3VFVsgl8jI5piApDp7QJ,Kai Du M,32,FR,drill francais,hip-hop
19SX00qkAvpVQroAka9GI0,Effy,32,JP,NA,NA
1coHxhBPteDGeU23Kf1E98,Crvvcks,31,GB,uk dance,edm
5WZUKAptUOnbCoZsHDSkH3,JonLee,31,US,urbano latino,latin music
0jU1Tdr7ONlgk0Ey9JgXra,Manga Saint Hilare,31,GB,grime,grime
4T6l995AHz8HCY7TCfQorD,Maurice Fulton,31,GB,NA,NA
4IvS8wAt7VjB6IIPDS6psH,Bruno Alves,31,BR,adoracao,adoracao
5IZXhE6DcoszTt30hAeJuw,Manny Norté,31,NG,afroswing,hip-hop
4fQPqLk2LwWrrc6OBMzXZj,Uriel Gaxiola,31,MX,corrido,latin music
3h35pcOfc9nGveI4JBaCCh,El Primo Manolo Y Sus Rieleros,30,MX,deep norteno,deep norteno
6mIfJvCK5jtTmX2ftY3lnw,Ibepds,30,FR,NA,NA
3HRSdDvPAE54ocmaq0JRrJ,Camilla Magli,30,IT,NA,NA
3hTRyxaN0zihxgQ6dJei9r,Alex (TOK),30,DE,NA,NA
29W4Fw8TDGfXD7C9EjJkzc,Sonido De La Costa,30,UY,cumbia pop,latin music
5FCqIwJYwGR51ebxW6z3wT,L'Héritage Goldman,30,FR,NA,NA
2pkYxUhqoVQqVb9pgOnXwD,Oslin Romero,30,US,corridos belicos,latin music
7qXuz9bbBHBBFelmDcNOMQ,Ackeejuice Rockers,30,IT,moombahton,moombahton
6cL4mIBIA85TnOIzhhukZT,Tissmey,30,FR,rap francais,hip-hop
7FqSU53yVH1SQAtLZ63DGS,Rohaan,30,GB,uk dnb,uk dnb
7EutZWNXh33tAPObZ45ba6,Fenix The Producer,30,CO,reggaeton colombiano,latin music
1M9Q34BeOyKykb5GZjC0JI,Noriel Durán,30,PR,corridos belicos,latin music
3Th1YBhnNzji9TeNJVueQs,Damon Hess,30,GB,NA,NA
627KF7g5NPEI9yPHBVrRq1,DÍMELO CORI,30,MX,NA,NA
5xNhapdkr2QQJoAkK9h67k,Epoque,29,IT,NA,NA
761TVEWipkW4DkdWHNZ9w9,Ocho Drippin,29,KR,cali rap,hip-hop
6Ocjln6CF4WJ5z1GTmGzUH,FlowZeta,29,ES,flamenco urbano,flamenco urbano
3tUPN3EK2qkzQRDBDjHJVv,DJ Teddy-O,29,DE,permanent wave,permanent wave
2KnFIqnQp7nbKAnPnsQcKo,Molitor,29,FR,NA,NA
4ShjGwqyIe0f3jKTJYcAfu,Ryan.Song,29,NL,NA,NA
0G9NBllWNKcsJzjJQCat4G,Greeg Mora,29,MX,corrido,latin music
2H2InnwLRF1BpQObYUZlDw,Shtar Academy,29,FR,drill francais,hip-hop
0ce3UlXwNzZPkj78XYLE7V,Ayanis,28,US,trap queen,hip-hop
5HQ7CCzNIm8g1nysh4gDM7,George Acosta,28,US,NA,NA
2ZMK00G23KPZRXv5uETA5s,Rose May Alaba,28,AT,NA,NA
2vnlhEYTh2K1O3NZE2ONiz,J:Kenzo,28,GB,classic dubstep,edm
3gedHRlznK4mgGgLAaB3nP,Майк Стикс,28,SU,NA,NA
6fDScz7zLUrQFSRy4Tn7Ff,R1 La Esencia,28,DO,rap dominicano,hip-hop
3aSBi6CYiiMGBgXnGB0Ej4,Paradize,28,SE,NA,NA
4DXQ3UFHciEdLjwwJe3gEU,Lekota,27,GB,stutter house,edm
1Gh2udMYnrBAzwpFPpbvJY,Dakari,27,US,NA,NA
2I5bwg7ZUD8JiM12xMMGYO,Don Said,27,DE,NA,NA
1uYtYzLtitQ4nbh9pMOBcS,Ivan Fitt,26,FR,NA,NA
1Q1W59ZLa2ZTxlkjm5myFH,sevensevenseven,26,US,rage rap,hip-hop
3fMA5LH56qpFdPxW1kQe4A,DJ Shub,26,CA,canadian indigenous hip hop,hip-hop
6718evoPIysjr5f2BUHTSJ,Mig Arogan,26,US,hip hop,hip-hop
6dwPNMYxIZyRMRDZHy6ZXs,Trevor Dongo,26,ZA,NA,NA
5VGkc3jCTub57Be1hTk5uI,Star Squad,26,US,ecuadorian pop,pop
3inxgDqlKI4Feu0hPK7pU9,Yamir antiman,26,AR,NA,NA
786qoKu8y9vQHdegoxNJn9,MOÜGLI,25,CO,colombian indie,latin music
0y5H4Nr7bNWfBINIh8671t,Fresy Franklin,25,PR,trap latino,latin music
7s2SDZOabRitXKgUdoXmXC,Menend,25,ES,NA,NA
5h0YEFbvd46PMori1xWBFM,Jaderah,25,BR,NA,NA
41kJAfS3jisf7XRy0X77S3,Carbonne,24,FR,NA,NA
58zOgZXKkB3GxBBmZO04bN,Babylon Dead,24,GB,uk alternative hip hop,hip-hop
15vXM78j1GTjXVKzk8i5P3,MP El Juvenil,24,AR,NA,NA
6VoRokuki5Bj7BEB2gZ3BF,Los Unidades,24,GB,NA,NA
5b3QFwyL5r8TAzfmpp7Ua6,Decime Gian,24,MT,NA,NA
0FINuMBS9FNbU2cv1ghHFL,El Cuatro Seis,24,MX,rkt,latin music
6tfiFUwDGuZyGfI4iTyJiL,J Gonz,23,AR,NA,NA
5uw59dgrWXoss2sg9TC3HD,Rossella Essence,23,IT,italian hip hop,hip-hop
3COKmd1ODFtYjbxND5OMAs,Antony Alexander,23,DO,NA,NA
0qWUQqcDsMGLaGMVYf6UtA,Mister Valentine,23,NL,NA,NA
4w7PNHWFtN2CNkDNhDL7c3,DJ Dan,23,US,NA,NA
4sWburFBVJuegn1Gs2jQko,Matias Emmanuel,22,AR,NA,NA
6TpjrFXS0EcrvyBt4pgmt5,Mini Boom,22,US,r&b,hip-hop
7vVezpLreQ6yQyAeIToOqb,Alex Logos,22,FR,NA,NA
2e3qEeLCBtEqsbsgYDtrO0,Yung Saber,22,GB,NA,NA
58jPAfXWaSoySAn8cL1U37,Gellero,21,BR,NA,NA
783u3sxQvp7Ur3ynzqqxv1,Gustaboss,21,PR,trap latino,latin music
1LEkbTVQNmXLENrYTgvHIA,Ray Menace,21,GB,NA,NA
68w52f6vaT0Xgy1WraRtyq,Awir Leon,21,US,NA,NA
3ZJ76JO32hgTx2HWATapCd,Fred Maybe,21,RU,NA,NA
4MUq2KE0IJoYr6QsfPh1Rv,Naicok,21,IT,trap italiana,hip-hop
5mo5ML6eCYXlZdU1kuvcPu,Calvin Mangena,20,ZA,NA,NA
1RPvTAR0XtupIRm1ehPUQj,Roman JD,20,US,NA,NA
6H8CeqAmIA9VtwSDSvrViE,Dahili,19,VE,NA,NA
6osDld7hmxgOovr6DXeZCR,Pragya Pallavi,19,IN,NA,NA
3UuvZKj8m8QIWe1ra77ebO,Huri Merida,19,AU,NA,NA
3ywZ0iIxZu0Aa1pimUA7Hd,Badboxes,19,GB,gauze pop,pop
1U84b02XkcJlGguF3cdJIu,VAL DE RAP,19,FR,NA,NA
7tsiLp900Pxl4JwTCbDaBh,Fayaman Fg,19,FR,NA,NA
12GwNdXRWlP5hczgxobmDx,Prestigio,18,ES,NA,NA
7szpfJlobAlM8CDVXziu05,Nahuel one23,17,MX,NA,NA
4T5n4r2GG6ZkliKz9iNVuA,Yomiel,17,PR,NA,NA
5fJAXZpivw6mHo5OoMIz6u,Doctor Werewolf,17,DE,NA,NA
3HYrtvNhuLsHcGMgxL8d3T,LilSamgx,17,FR,french rap,hip-hop
12Undz1Xa4IdpGbHLz3THy,Watermelon Boy,17,US,NA,NA
27DArfzZ86TZNe1JtH2L02,Diego Reynoso,16,JP,NA,NA
2RlJC4L25sFb1dL7FKJerv,Voga,16,IT,NA,NA
1Vu1gfiQtdYlOJXTVi1YvM,Mathywuu,15,ES,NA,NA
0Yg3LURRqPXbag4pG1HInz,Amelie Jat,15,HK,NA,NA
0oAthUsr4X26lL7cISWIL5,Malerba,15,FR,hip hop,hip-hop
6gPVi3WFigV97677EiSa4A,Paul Noire,14,IT,trap italiana,hip-hop
4HI9Rv5eft0XYS4EJA53i6,Chuy Guitarras,14,ES,NA,NA
2Xw4QVCesV84ikNiw6i8QV,070 Beheard,13,US,NA,NA
6AhjfEKamVhBqU7Z2j6jhu,Karlla Koa,13,BR,NA,NA
4LSv8ZrChJfnJtm10VtcNN,Game Over Djs,12,IT,NA,NA
4VJjq0vDvlaIWms7t7GZTw,Chapo Youknow,12,AR,NA,NA
5FL8P9RpDrfzvQLAPj23hO,Terror Danjah,11,GB,classic dubstep,edm
41KK1ts2HUtYWPXJRLBBpK,BigBop,11,US,hip hop,hip-hop
2QWyiNuqMJDI01unI6M4Ls,TrillestSince87,11,DE,NA,NA
1AWTPuhUEecFVkKhOLbIwG,Heskasie,10,AR,NA,NA
0z7ggy3Mw2QJ5Wq3KRTcT3,Überloud,9,DE,NA,NA
09Xa3GufHhHopjzNBuA90H,Akhee Cubano,9,GB,NA,NA
5AVEwTNrFoFb9U7oKMIpCG,RXB,9,ES,NA,NA
6AOHWc2z0Q8SDusVCrhOoE,"Mega Chillout – Summer Hits 2017, Lounge, New Chill Out Music, Party 2017, Dance",9,US,NA,NA
6O10vAzPSfErijJal6HXMS,Es el Roman,8,AR,NA,NA
4wyA5NzlO7dAf1fZ1pD36c,King Joel,7,US,NA,NA
5vnitpS60Kgjse5bbdgtss,HUMBL3,7,IT,NA,NA
05JFK4rgOtAyR1M8MQunVd,Lil Vee & Hz,7,US,NA,NA
4q8CrAeEOvqwXcwkOtUVZn,Ely Rosario,7,ES,regional mexicano femenil,regional mexicano femenil
3VVUyDhGw5kuFDGDyKwcv2,Jenisjay,6,FR,NA,NA
5uO9kuOomH54MHbSjgMoLp,FME Boogie,6,US,NA,NA
0dgiDwJUXdnkZLDP7Xzmj5,Dopeboy Herron,5,US,NA,NA
1NV0aHpx1XWBilmEFTPOSz,Junior Osorio,4,BR,NA,NA
1DIQe8IxAVksGaDv10ftkd,Xhris James,2,GB,NA,NA
0lGw1CKLhWc1tyfmsk1hfW,Over The World,2,US,NA,NA
5qXKDlUFJ3CvSx9mGGZXOX,Sale Epoque,2,IT,NA,NA
5lVOhJpt7Ac6NjMiQ3m7GW,Drizzy D Wilson,2,US,NA,NA
4OwD61b4iQX7zayUSWBtGq,Chocolate Emir,2,TR,NA,NA
2QaPVBebdPgqupN0pomnje,Fronto Yk,2,MX,NA,NA
3sn9Lp0vBkVzOWiOvDQFCv,JefeOP,2,IT,italian hip hop,hip-hop
3caozlvDGiuPiqXkDnt5SW,Kodac aka M80,2,NG,NA,NA
2rnwg8Nh97pIPdExggVbh7,Nacho Errepe,1,MX,NA,NA
1HRxpg2GmkWCHzxmulAKf5,Pozitiva,1,RU,edm,edm
5RCODOORR6WrksYCzK8E4q,Dat Damn Perkins,1,US,NA,NA
5Pc1YCbpdry7gTgAxVM287,Tom Fuller,1,GB,NA,NA
4FpxWH6oSgWGzc1s2U8KY1,Dula-Mite,1,US, hip hop,hip-hop
6LtYLO9nzDtpjVdMHlEsnC,GG Gutta Man,1,US,NA,NA
3DbWLctVzFMtaSyGhpgdlq,Kudzie Kayz,0,ZA,NA,NA
3W0TCRgtUEWiLjze9Z7Noo,Loso Ranking,0,TH,NA,NA
0DKUPMdSxeCQilWixMcG5S,Mizgebonez,0,DE,german hip hop,hip-hop
6Xxw8Yt8aOebYVhE9ySX4X,Swayzgokreyze,0,US,NA,NA
7HXnQUEKHiWvUqSIR9ydOC,Above & Beyond Group Therapy,0,GB,NA,NA
3h9bmT6272o9YQznsvhLqh,Money-making Rich,0,US,NA,NA
